fixture_id,team_id,team_name,is_home,goals_for,goals_against,result,ball_possession,blocked_shots,corner_kicks,expected_goals,fouls,goalkeeper_saves,goals_prevented,offsides,passes_%,passes_accurate,red_cards,shots_insidebox,shots_off_goal,shots_on_goal,shots_outsidebox,total_passes,total_shots,yellow_cards
1035037,44,Burnley,True,0,3,LOSS,0.34,2,6,0.33,11,5,,0,0.79,290,1,5,3,1,1,365,6,
1035037,50,Manchester City,False,3,0,WIN,0.66,5,5,2.08,8,1,,1,0.9,634,0,14,4,8,3,706,17,
1035038,42,Arsenal,True,2,1,WIN,0.78,5,8,0.83,12,1,,2,0.9,693,,8,3,7,7,769,15,2
1035038,65,Nottingham Forest,False,1,2,LOSS,0.22,1,3,1.18,12,5,,1,0.69,137,,4,3,2,2,200,6,2
1035039,35,Bournemouth,True,1,1,DRAW,0.63,3,10,1.37,9,1,,0,0.82,423,,5,6,5,9,517,14,1
1035039,48,West Ham,False,1,1,DRAW,0.37,4,4,1.07,14,4,,2,0.68,206,,12,9,3,4,304,16,4
1035040,51,Brighton,True,4,1,WIN,0.71,5,6,4.01,11,2,,2,0.91,551,,20,10,12,7,605,27,2
1035040,1359,Luton,False,1,4,LOSS,0.29,2,7,1.48,12,8,,3,0.72,168,,7,4,3,2,234,9,2
1035041,45,Everton,True,0,1,LOSS,0.41,4,10,2.73,12,1,,6,0.79,288,,14,6,9,5,366,19,0
1035041,36,Fulham,False,1,0,WIN,0.59,1,4,1.50,6,9,,3,0.85,470,,6,6,2,3,556,9,2
1035042,62,Sheffield Utd,True,0,1,LOSS,0.32,3,5,0.51,18,7,,2,0.62,162,,4,4,1,4,262,8,3
1035042,52,Crystal Palace,False,1,0,WIN,0.68,8,5,1.89,11,1,,2,0.83,466,,17,8,8,7,562,24,0
1035043,34,Newcastle,True,5,1,WIN,0.53,2,6,3.41,12,5,,2,0.85,428,,14,2,13,3,502,17,4
1035043,66,Aston Villa,False,1,5,LOSS,0.47,3,5,1.77,17,7,,0,0.85,382,,12,7,6,4,447,16,4
1035044,55,Brentford,True,2,2,DRAW,0.3,3,3,2.22,12,4,,1,0.77,235,,9,2,6,2,306,11,1
1035044,47,Tottenham,False,2,2,DRAW,0.7,6,6,1.27,13,4,,0,0.9,638,,12,6,6,6,711,18,4
1035045,49,Chelsea,True,1,1,DRAW,0.65,2,4,1.35,5,0,,3,0.87,610,,9,4,4,1,698,10,3
1035045,40,Liverpool,False,1,1,DRAW,0.35,5,4,1.28,13,4,,5,0.8,301,,8,7,1,5,377,13,3
1035046,33,Manchester United,True,1,0,WIN,0.51,8,8,2.21,15,6,,1,0.82,383,,12,4,3,3,465,15,2
1035046,39,Wolves,False,0,1,LOSS,0.49,10,7,2.35,10,2,,3,0.81,355,,17,7,6,6,439,23,3
1035047,66,Aston Villa,True,4,0,WIN,0.6,2,7,3.00,8,2,,1,0.9,507,,9,4,7,4,566,13,3
1035047,45,Everton,False,0,4,LOSS,0.4,4,6,0.63,12,3,,1,0.81,294,,6,3,2,3,361,9,4
1035048,52,Crystal Palace,True,0,1,LOSS,0.47,7,1,1.01,14,2,,0,0.86,370,0,10,5,2,4,428,14,2
1035048,42,Arsenal,False,1,0,WIN,0.53,4,8,2.02,10,2,,2,0.86,422,1,11,7,3,3,489,14,3
1035049,36,Fulham,True,0,3,LOSS,0.55,4,5,0.46,13,5,,1,0.84,396,1,4,4,2,6,474,10,4
1035049,55,Brentford,False,3,0,WIN,0.45,2,5,3.93,12,2,,4,0.83,325,0,15,7,8,2,391,17,2
1035050,40,Liverpool,True,3,1,WIN,0.65,8,10,3.08,11,4,,0,0.86,516,1,17,8,10,9,600,26,1
1035050,35,Bournemouth,False,1,3,LOSS,0.35,1,2,1.29,13,8,,3,0.73,236,0,6,7,5,7,325,13,3
1035051,1359,Luton,True,1,2,LOSS,0.49,5,7,1.34,14,2,,3,0.69,254,,15,10,3,3,370,18,4
1035051,44,Burnley,False,2,1,WIN,0.51,2,6,1.11,6,1,,3,0.72,295,,7,8,4,7,412,14,2
1035052,50,Manchester City,True,1,0,WIN,0.6,7,3,1.08,12,1,,1,0.9,608,,10,3,4,4,679,14,1
1035052,34,Newcastle,False,0,1,LOSS,0.4,4,0,0.29,11,3,,4,0.86,387,,4,2,1,3,452,7,5
1035053,65,Nottingham Forest,True,2,1,WIN,0.5,5,6,1.39,5,2,,3,0.79,343,,9,7,4,7,436,16,2
1035053,62,Sheffield Utd,False,1,2,LOSS,0.5,1,7,0.50,9,2,,2,0.75,328,,4,3,3,3,437,7,3
1035054,47,Tottenham,True,2,0,WIN,0.56,4,5,1.74,9,6,,1,0.85,428,,13,7,6,4,502,17,1
1035054,33,Manchester United,False,0,2,LOSS,0.44,9,6,2.07,8,5,,4,0.83,332,,16,7,6,6,401,22,3
1035055,48,West Ham,True,3,1,WIN,0.24,3,3,1.80,12,3,,3,0.69,157,1,7,3,6,5,227,12,4
1035055,49,Chelsea,False,1,3,LOSS,0.76,4,9,2.49,9,3,,2,0.88,630,0,11,9,4,6,716,17,3
1035056,39,Wolves,True,1,4,LOSS,0.46,5,5,2.14,14,4,,4,0.84,389,1,12,6,5,4,462,16,5
1035056,51,Brighton,False,4,1,WIN,0.54,3,3,2.22,11,4,,7,0.88,486,0,11,5,8,5,552,16,6
1035057,35,Bournemouth,True,0,2,LOSS,0.43,3,6,0.67,18,4,,3,0.8,312,,6,5,3,5,391,11,1
1035057,47,Tottenham,False,2,0,WIN,0.57,4,2,2.06,11,3,,0,0.89,477,,12,7,6,5,537,17,3
1035058,42,Arsenal,True,2,2,DRAW,0.71,3,8,3.20,6,1,,4,0.9,614,0,16,5,11,3,680,19,0
1035058,36,Fulham,False,2,2,DRAW,0.29,2,3,0.56,5,8,,1,0.72,196,1,6,3,3,2,274,8,6
1035059,55,Brentford,True,1,1,DRAW,0.6,7,8,0.97,9,4,,2,0.85,439,,10,4,1,2,518,12,
1035059,52,Crystal Palace,False,1,1,DRAW,0.4,6,6,0.80,15,0,,2,0.81,283,,10,4,5,5,348,15,
1035060,51,Brighton,True,1,3,LOSS,0.78,10,17,1.48,10,4,,1,0.89,668,,13,5,10,12,749,25,1
1035060,48,West Ham,False,3,1,WIN,0.22,1,4,3.23,9,9,,2,0.68,141,,10,4,7,2,208,12,3
1035061,44,Burnley,True,1,3,LOSS,0.57,1,4,0.73,12,3,,5,0.89,528,,6,6,2,3,594,9,2
1035061,66,Aston Villa,False,3,1,WIN,0.43,6,6,2.70,11,1,,1,0.84,380,,12,4,6,4,454,16,0
1035062,49,Chelsea,True,3,0,WIN,0.67,5,6,2.27,15,1,,,0.92,603,,16,6,8,3,653,19,2
1035062,1359,Luton,False,0,3,LOSS,0.33,5,4,0.44,12,5,,,0.78,240,,7,5,1,4,306,11,3
1035063,45,Everton,True,0,1,LOSS,0.47,2,7,1.34,10,2,,1,0.82,333,,11,6,7,4,406,15,3
1035063,39,Wolves,False,1,0,WIN,0.53,4,0,1.08,14,7,,1,0.84,396,,7,5,2,4,472,11,4
1035064,33,Manchester United,True,3,2,WIN,0.66,4,11,2.83,13,2,,3,0.86,548,0,7,5,9,11,637,18,4
1035064,65,Nottingham Forest,False,2,3,LOSS,0.34,2,3,1.21,11,7,,2,0.72,228,1,7,3,4,2,316,9,4
1035065,34,Newcastle,True,1,2,LOSS,0.6,4,5,1.99,16,2,,0,0.86,508,0,14,11,8,9,590,23,1
1035065,40,Liverpool,False,2,1,WIN,0.4,2,9,0.88,10,7,,1,0.8,307,1,6,3,4,3,384,9,2
1035066,62,Sheffield Utd,True,1,2,LOSS,0.21,0,1,0.67,11,7,,1,0.68,132,,4,4,2,2,194,6,4
1035066,50,Manchester City,False,2,1,WIN,0.79,8,12,3.60,2,0,,2,0.92,685,,20,13,9,10,742,30,0
1035067,42,Arsenal,True,3,1,WIN,0.55,8,12,2.27,8,1,,2,0.87,464,,12,4,5,5,532,17,2
1035067,33,Manchester United,False,1,3,LOSS,0.45,7,3,0.94,7,2,,1,0.85,392,,7,1,2,3,462,10,3
1035068,55,Brentford,True,2,2,DRAW,0.61,3,5,2.91,6,3,,1,0.83,402,,16,11,7,5,484,21,1
1035068,35,Bournemouth,False,2,2,DRAW,0.39,2,2,2.09,13,6,,1,0.72,224,,10,5,5,2,310,12,2
1035069,51,Brighton,True,3,1,WIN,0.56,4,5,1.30,14,2,,5,0.9,507,,9,5,6,6,565,15,4
1035069,34,Newcastle,False,1,3,LOSS,0.44,3,3,1.23,17,4,,0,0.84,371,,7,4,2,2,440,9,4
1035070,44,Burnley,True,2,5,LOSS,0.46,6,7,1.36,15,6,,2,0.81,376,,8,6,4,8,467,16,4
1035070,47,Tottenham,False,5,2,WIN,0.54,7,4,2.28,9,3,,1,0.87,488,,11,3,11,10,563,21,3
1035071,49,Chelsea,True,0,1,LOSS,0.76,13,7,2.30,10,2,,2,0.89,632,,11,6,2,10,713,21,3
1035071,65,Nottingham Forest,False,1,0,WIN,0.24,0,0,0.76,9,2,,3,0.62,143,,4,4,3,3,230,7,4
1035072,52,Crystal Palace,True,3,2,WIN,0.43,1,4,2.11,12,2,,1,0.8,313,,14,4,11,2,393,16,1
1035072,39,Wolves,False,2,3,LOSS,0.57,2,2,1.18,12,7,,2,0.84,434,,9,6,4,3,519,12,3
1035073,40,Liverpool,True,3,0,WIN,0.64,3,7,2.47,12,3,,6,0.91,635,,11,10,4,6,694,17,0
1035073,66,Aston Villa,False,0,3,LOSS,0.36,0,3,0.66,7,2,,1,0.81,316,,9,6,3,0,388,9,1
1035074,1359,Luton,True,1,2,LOSS,0.39,5,9,1.47,8,1,,0,0.73,266,,13,10,1,3,366,16,1
1035074,48,West Ham,False,2,1,WIN,0.61,2,6,1.03,13,0,,6,0.83,507,,6,4,3,3,609,9,1
1035075,50,Manchester City,True,5,1,WIN,0.68,1,4,2.26,12,3,,1,0.89,656,,7,1,5,0,733,7,2
1035075,36,Fulham,False,1,5,LOSS,0.32,1,5,1.45,12,0,,1,0.81,272,,5,1,4,1,336,6,4
1035076,62,Sheffield Utd,True,2,2,DRAW,0.45,1,4,1.19,11,4,,1,0.74,286,,11,4,8,2,384,13,1
1035076,45,Everton,False,2,2,DRAW,0.55,7,6,2.59,13,6,,2,0.76,349,,10,3,6,6,459,16,2
1035077,35,Bournemouth,True,0,0,DRAW,0.35,6,1,1.04,15,6,,1,0.79,246,,9,3,4,4,312,13,1
1035077,49,Chelsea,False,0,0,DRAW,0.65,2,7,1.85,20,4,,2,0.87,516,,9,6,6,5,590,14,5
1035078,66,Aston Villa,True,3,1,WIN,0.67,6,4,3.21,13,2,,1,0.86,522,,12,5,5,4,604,16,5
1035078,52,Crystal Palace,False,1,3,LOSS,0.33,1,2,1.17,9,2,,0,0.75,226,,4,2,3,2,303,6,3
1035079,45,Everton,True,0,1,LOSS,0.26,4,1,0.34,12,3,,1,0.67,158,,4,3,1,4,235,8,1
1035079,42,Arsenal,False,1,0,WIN,0.74,6,11,1.02,10,1,,4,0.89,595,,9,3,4,4,668,13,1
1035080,36,Fulham,True,1,0,WIN,0.78,6,6,0.96,6,2,,0,0.91,733,,6,5,2,7,809,13,2
1035080,1359,Luton,False,0,1,LOSS,0.22,1,2,1.10,14,1,,1,0.68,150,,7,4,2,0,222,7,2
1035081,33,Manchester United,True,1,3,LOSS,0.44,6,8,0.96,8,5,,4,0.86,425,,8,4,4,6,497,14,2
1035081,51,Brighton,False,3,1,WIN,0.56,0,1,1.70,9,3,,1,0.91,602,,7,2,8,3,661,10,2
1035082,34,Newcastle,True,1,0,WIN,0.56,2,8,1.44,8,2,,0,0.78,363,,5,5,2,4,464,9,3
1035082,55,Brentford,False,0,1,LOSS,0.44,5,3,0.50,12,1,,1,0.72,265,,8,4,2,3,367,11,5
1035083,65,Nottingham Forest,True,1,1,DRAW,0.46,5,5,0.71,16,2,,2,0.79,321,0,6,5,4,8,407,14,2
1035083,44,Burnley,False,1,1,DRAW,0.54,3,4,0.55,10,3,,2,0.84,408,1,5,4,3,5,487,10,3
1035084,47,Tottenham,True,2,1,WIN,0.7,9,15,2.12,13,4,,2,0.88,545,0,19,9,10,9,620,28,6
1035084,62,Sheffield Utd,False,1,2,LOSS,0.3,1,2,0.66,14,8,,3,0.69,185,1,6,1,5,1,269,7,7
1035085,48,West Ham,True,1,3,LOSS,0.32,1,4,0.94,7,10,,1,0.86,276,,5,2,3,1,320,6,3
1035085,50,Manchester City,False,3,1,WIN,0.68,9,11,3.63,11,2,,0,0.93,653,,18,5,15,11,704,29,2
1035086,39,Wolves,True,1,3,LOSS,0.34,2,4,0.63,10,3,,1,0.81,296,,7,7,2,4,367,11,1
1035086,40,Liverpool,False,3,1,WIN,0.66,3,4,2.52,4,1,,0,0.88,638,,11,7,6,5,729,16,3
1035087,42,Arsenal,True,2,2,DRAW,0.47,3,11,2.03,12,3,,2,0.84,317,,8,4,6,5,377,13,3
1035087,47,Tottenham,False,2,2,DRAW,0.53,4,4,1.46,19,4,,3,0.86,385,,9,4,5,4,449,13,4
1035088,55,Brentford,True,1,3,LOSS,0.57,4,1,1.03,9,3,,3,0.82,483,,8,6,2,4,588,12,2
1035088,45,Everton,False,3,1,WIN,0.43,1,4,1.90,12,1,,1,0.8,338,,12,11,6,6,425,18,2
1035089,51,Brighton,True,3,1,WIN,0.62,6,4,1.85,12,2,,1,0.87,449,,8,3,4,5,519,13,3
1035089,35,Bournemouth,False,1,3,LOSS,0.38,4,4,1.14,17,2,,1,0.77,249,,8,4,4,4,325,12,3
1035090,44,Burnley,True,0,1,LOSS,0.62,3,9,1.09,6,3,,1,0.88,572,,8,5,4,4,647,12,1
1035090,33,Manchester United,False,1,0,WIN,0.38,5,5,0.97,12,4,,3,0.8,321,,8,2,4,3,402,11,2
1035091,49,Chelsea,True,0,1,LOSS,0.53,4,5,1.33,9,6,,10,0.86,380,1,7,2,4,3,443,10,2
1035091,66,Aston Villa,False,1,0,WIN,0.47,5,11,1.07,11,4,,1,0.85,328,0,10,3,7,5,388,15,3
1035092,52,Crystal Palace,True,0,0,DRAW,0.51,2,3,0.30,10,5,,3,0.81,388,,4,2,3,3,477,7,3
1035092,36,Fulham,False,0,0,DRAW,0.49,2,2,0.59,15,3,,1,0.83,383,,5,3,5,5,462,10,2
1035093,40,Liverpool,True,3,1,WIN,0.64,7,7,3.03,12,3,,2,0.89,572,,14,8,7,8,645,22,0
1035093,48,West Ham,False,1,3,LOSS,0.36,3,4,1.10,13,4,,1,0.78,279,,9,4,4,2,356,11,2
1035094,1359,Luton,True,1,1,DRAW,0.56,9,10,2.17,12,2,,1,0.77,332,0,15,7,4,5,430,20,0
1035094,39,Wolves,False,1,1,DRAW,0.44,0,1,0.59,17,3,,1,0.73,263,1,3,0,3,0,359,3,2
1035095,50,Manchester City,True,2,0,WIN,0.57,2,6,1.33,5,3,,0,0.89,509,1,4,1,4,3,570,7,3
1035095,65,Nottingham Forest,False,0,2,LOSS,0.43,4,6,1.03,17,2,,3,0.86,354,0,5,3,3,5,414,10,7
1035096,62,Sheffield Utd,True,0,8,LOSS,0.42,4,2,0.94,12,7,,3,0.79,349,,7,4,1,2,444,9,4
1035096,34,Newcastle,False,8,0,WIN,0.58,4,5,3.92,8,1,,1,0.87,522,,17,3,15,5,602,22,0
1035097,35,Bournemouth,True,0,4,LOSS,0.42,4,6,0.65,11,4,,2,0.81,317,,7,3,1,1,389,8,0
1035097,42,Arsenal,False,4,0,WIN,0.58,4,6,3.43,10,1,,0,0.88,481,,14,3,8,1,545,15,1
1035098,66,Aston Villa,True,6,1,WIN,0.38,6,1,1.58,19,2,,0,0.78,250,,14,4,9,5,320,19,4
1035098,51,Brighton,False,1,6,LOSS,0.62,5,3,1.71,21,4,,6,0.89,461,,8,3,3,3,518,11,4
1035099,45,Everton,True,1,2,LOSS,0.68,4,3,2.90,8,0,,2,0.8,459,,16,14,5,7,576,23,0
1035099,1359,Luton,False,2,1,WIN,0.32,3,6,0.89,10,3,,3,0.53,146,,8,4,2,1,275,9,1
1035100,36,Fulham,True,0,2,LOSS,0.56,3,8,1.09,15,2,,2,0.88,493,,9,4,3,1,561,10,1
1035100,49,Chelsea,False,2,0,WIN,0.44,1,1,1.70,12,3,,4,0.85,395,,8,6,4,3,462,11,4
1035101,33,Manchester United,True,0,1,LOSS,0.77,7,10,1.30,10,1,,2,0.88,653,,15,8,4,4,741,19,3
1035101,52,Crystal Palace,False,1,0,WIN,0.23,2,4,0.90,8,3,,0,0.67,148,,5,4,2,3,221,8,2
1035102,34,Newcastle,True,2,0,WIN,0.53,6,5,3.19,7,2,,1,0.81,414,,14,6,8,6,510,20,1
1035102,44,Burnley,False,0,2,LOSS,0.47,5,3,0.65,15,6,,3,0.79,364,,6,1,2,2,463,8,3
1035103,65,Nottingham Forest,True,1,1,DRAW,0.41,1,1,0.46,6,3,,2,0.79,320,1,5,4,1,1,407,6,3
1035103,55,Brentford,False,1,1,DRAW,0.59,7,11,1.66,10,0,,1,0.85,491,0,15,6,5,3,578,18,2
1035104,47,Tottenham,True,2,1,WIN,0.65,12,11,2.23,11,3,,4,0.91,603,0,10,4,8,14,662,24,5
1035104,40,Liverpool,False,1,2,LOSS,0.35,3,5,1.31,17,8,,1,0.77,281,2,9,5,4,3,364,12,6
1035105,48,West Ham,True,2,0,WIN,0.52,3,7,2.14,6,2,,2,0.86,424,,17,8,9,3,494,20,1
1035105,62,Sheffield Utd,False,0,2,LOSS,0.48,8,4,1.07,9,6,,3,0.83,364,,11,6,2,5,441,16,1
1035106,39,Wolves,True,2,1,WIN,0.32,2,0,0.47,18,7,,2,0.76,215,,3,0,1,0,282,3,5
1035106,50,Manchester City,False,1,2,LOSS,0.68,10,6,0.87,12,0,,0,0.88,526,,12,5,8,11,597,23,4
1035107,42,Arsenal,True,1,0,WIN,0.49,4,5,0.39,8,0,,2,0.87,433,,6,6,2,6,500,12,2
1035107,50,Manchester City,False,0,1,LOSS,0.51,1,4,0.48,7,1,,0,0.87,451,,3,2,1,1,521,4,3
1035108,51,Brighton,True,2,2,DRAW,0.46,6,8,2.32,12,2,,1,0.85,355,,8,5,3,6,418,14,1
1035108,40,Liverpool,False,2,2,DRAW,0.54,5,1,2.35,20,1,,0,0.87,432,,10,5,4,4,498,14,2
1035109,44,Burnley,True,1,4,LOSS,0.38,4,7,0.76,11,2,,4,0.84,328,,5,3,3,5,390,10,2
1035109,49,Chelsea,False,4,1,WIN,0.62,2,3,1.86,8,2,,2,0.92,613,,6,2,5,3,664,9,4
1035110,52,Crystal Palace,True,0,0,DRAW,0.52,2,3,0.81,7,5,,0,0.88,463,,7,4,2,1,528,8,0
1035110,65,Nottingham Forest,False,0,0,DRAW,0.48,4,7,1.05,12,2,,2,0.87,421,,11,7,5,5,482,16,1
1035111,45,Everton,True,3,0,WIN,0.47,6,8,2.49,14,3,,2,0.78,301,,16,11,8,9,386,25,1
1035111,35,Bournemouth,False,0,3,LOSS,0.53,4,7,0.69,15,5,,0,0.79,344,,7,3,4,4,434,11,2
1035112,36,Fulham,True,3,1,WIN,0.6,6,9,2.21,8,2,,2,0.8,414,,9,8,6,11,517,20,1
1035112,62,Sheffield Utd,False,1,3,LOSS,0.4,1,4,0.57,10,4,,1,0.69,237,,3,2,2,2,342,5,2
1035113,1359,Luton,True,0,1,LOSS,0.33,4,5,0.76,16,3,,4,0.67,170,0,8,6,2,4,252,12,2
1035113,47,Tottenham,False,1,0,WIN,0.67,2,6,1.96,7,2,,4,0.86,473,1,10,9,4,5,553,15,3
1035114,33,Manchester United,True,2,1,WIN,0.64,4,7,1.43,10,2,,4,0.88,488,,14,9,8,7,557,21,0
1035114,55,Brentford,False,1,2,LOSS,0.36,1,5,0.95,17,6,,0,0.72,235,,6,7,3,5,326,11,5
1035115,48,West Ham,True,2,2,DRAW,0.35,0,4,1.16,11,1,,2,0.72,229,,3,2,3,2,318,5,3
1035115,34,Newcastle,False,2,2,DRAW,0.65,1,2,2.01,18,1,,1,0.86,520,,8,6,3,2,603,10,3
1035116,39,Wolves,True,1,1,DRAW,0.46,2,2,1.68,19,3,,3,0.79,283,1,6,3,3,2,358,8,5
1035116,66,Aston Villa,False,1,1,DRAW,0.54,6,10,1.61,9,2,,1,0.84,330,0,13,8,4,5,395,18,2
1035117,35,Bournemouth,True,1,2,LOSS,0.34,2,3,0.63,15,5,,0,0.75,228,1,4,1,4,3,303,7,2
1035117,39,Wolves,False,2,1,WIN,0.66,6,12,2.35,10,3,,1,0.85,511,0,15,8,7,6,598,21,6
1035118,66,Aston Villa,True,4,1,WIN,0.58,2,8,1.94,8,3,,2,0.89,444,,9,6,7,6,501,15,0
1035118,48,West Ham,False,1,4,LOSS,0.42,7,7,1.16,15,3,,3,0.82,288,,9,3,4,5,350,14,1
1035119,55,Brentford,True,3,0,WIN,0.5,5,5,3.24,14,1,,2,0.79,350,0,16,8,10,7,443,23,5
1035119,44,Burnley,False,0,3,LOSS,0.5,1,5,1.14,12,6,,2,0.83,361,1,3,4,1,3,437,6,4
1035120,49,Chelsea,True,2,2,DRAW,0.43,2,2,1.35,7,1,,2,0.82,364,,6,4,5,5,443,11,3
1035120,42,Arsenal,False,2,2,DRAW,0.57,5,7,0.99,14,3,,1,0.85,482,,9,5,3,4,570,13,3
1035121,40,Liverpool,True,2,0,WIN,0.78,11,12,2.23,9,1,,2,0.87,649,0,13,9,6,13,742,26,1
1035121,45,Everton,False,0,2,LOSS,0.22,1,4,0.13,9,4,,1,0.53,112,1,1,4,1,5,213,6,3
1035122,50,Manchester City,True,2,1,WIN,0.55,0,2,0.75,9,2,,2,0.9,546,1,6,4,6,4,609,10,4
1035122,51,Brighton,False,1,2,LOSS,0.45,0,2,0.83,11,3,,1,0.88,443,0,4,2,3,1,506,5,2
1035123,34,Newcastle,True,4,0,WIN,0.6,0,6,2.39,7,3,,0,0.86,495,,9,3,7,1,573,10,2
1035123,52,Crystal Palace,False,0,4,LOSS,0.4,4,8,1.21,12,3,,1,0.79,308,,10,10,3,7,389,17,3
1035124,65,Nottingham Forest,True,2,2,DRAW,0.57,2,4,2.97,12,2,,2,0.77,378,,17,9,8,2,494,19,3
1035124,1359,Luton,False,2,2,DRAW,0.43,4,2,1.71,11,6,,0,0.7,251,,9,5,4,4,361,13,0
1035125,62,Sheffield Utd,True,1,2,LOSS,0.38,3,5,1.42,12,3,,3,0.68,225,,6,3,6,6,332,12,3
1035125,33,Manchester United,False,2,1,WIN,0.62,3,4,1.10,10,5,,4,0.81,449,,5,6,5,9,556,14,1
1035126,47,Tottenham,True,2,0,WIN,0.56,6,3,1.53,10,3,,4,0.87,518,,10,4,5,5,593,15,2
1035126,36,Fulham,False,0,2,LOSS,0.44,3,5,1.03,14,3,,6,0.84,391,,7,4,3,3,463,10,0
1035127,35,Bournemouth,True,2,1,WIN,0.44,3,10,1.11,9,3,,3,0.76,277,,8,4,6,5,366,13,2
1035127,44,Burnley,False,1,2,LOSS,0.56,1,5,0.83,12,4,,1,0.79,373,,3,2,3,3,470,6,3
1035128,42,Arsenal,True,5,0,WIN,0.67,3,6,2.77,9,0,,1,0.91,598,,10,2,8,3,659,13,0
1035128,62,Sheffield Utd,False,0,5,LOSS,0.33,1,1,0.03,13,2,,1,0.75,241,,0,1,0,2,323,2,3
1035129,66,Aston Villa,True,3,1,WIN,0.71,6,6,2.28,11,1,,0,0.9,558,,13,5,6,4,617,17,3
1035129,1359,Luton,False,1,3,LOSS,0.29,4,4,0.48,10,4,,6,0.77,188,,5,2,1,2,243,7,2
1035130,51,Brighton,True,1,1,DRAW,0.71,3,7,1.43,12,4,,0,0.91,746,,10,8,7,8,823,18,0
1035130,36,Fulham,False,1,1,DRAW,0.29,1,3,0.71,8,5,,1,0.79,261,,5,4,5,5,331,10,3
1035131,49,Chelsea,True,0,2,LOSS,0.69,7,10,2.03,12,3,,,0.89,652,,12,8,2,5,730,17,1
1035131,55,Brentford,False,2,0,WIN,0.31,1,1,2.16,7,2,,,0.73,244,,7,1,5,0,333,7,4
1035132,52,Crystal Palace,True,1,2,LOSS,0.24,6,11,0.64,19,0,,1,0.67,147,,8,4,3,5,219,13,2
1035132,47,Tottenham,False,2,1,WIN,0.76,5,2,1.12,11,2,,3,0.91,666,,4,4,1,6,728,10,1
1035133,40,Liverpool,True,3,0,WIN,0.73,4,8,3.19,9,1,,1,0.9,654,,10,9,8,11,728,21,2
1035133,65,Nottingham Forest,False,0,3,LOSS,0.27,4,3,0.45,13,5,,3,0.73,193,,7,4,1,2,266,9,3
1035134,33,Manchester United,True,0,3,LOSS,0.4,1,7,0.95,9,7,,4,0.81,316,,6,3,3,1,391,7,4
1035134,50,Manchester City,False,3,0,WIN,0.6,5,12,4.00,5,3,,0,0.9,542,,12,6,10,9,605,21,1
1035135,48,West Ham,True,0,1,LOSS,0.64,2,4,0.66,7,3,,1,0.84,542,,8,8,2,4,649,12,4
1035135,45,Everton,False,1,0,WIN,0.36,2,3,0.82,11,2,,3,0.75,275,,6,4,4,4,365,10,1
1035136,39,Wolves,True,2,2,DRAW,0.43,3,8,0.89,13,2,,2,0.82,321,,6,2,6,5,393,11,1
1035136,34,Newcastle,False,2,2,DRAW,0.57,5,7,2.19,15,4,,0,0.86,445,,11,3,5,2,516,13,4
1035137,55,Brentford,True,3,2,WIN,0.59,6,4,1.63,12,0,,2,0.8,450,,10,6,4,6,560,16,1
1035137,48,West Ham,False,2,3,LOSS,0.41,2,3,1.82,14,2,,0,0.71,265,,9,8,2,3,373,12,4
1035138,44,Burnley,True,0,2,LOSS,0.68,2,12,1.12,9,1,,2,0.85,500,,15,10,5,2,591,17,0
1035138,52,Crystal Palace,False,2,0,WIN,0.32,1,1,1.30,12,5,,0,0.72,214,,3,0,3,1,296,4,5
1035139,45,Everton,True,1,1,DRAW,0.2,2,3,0.71,15,2,,0,0.62,129,,6,4,4,4,208,10,4
1035139,51,Brighton,False,1,1,DRAW,0.8,1,3,0.51,5,3,,3,0.9,778,,5,4,2,2,866,7,2
1035140,36,Fulham,True,0,1,LOSS,0.45,7,9,1.01,9,4,,1,0.72,260,,9,8,3,9,363,18,5
1035140,33,Manchester United,False,1,0,WIN,0.55,2,4,0.69,15,2,,2,0.79,357,,6,5,5,6,454,12,2
1035141,1359,Luton,True,1,1,DRAW,0.26,1,4,0.81,7,5,,1,0.59,135,,5,2,5,3,229,8,1
1035141,40,Liverpool,False,1,1,DRAW,0.74,6,7,2.85,13,4,,1,0.88,581,,15,12,6,9,659,24,1
1035142,50,Manchester City,True,6,1,WIN,0.65,7,12,1.95,8,0,,0,0.93,680,,12,6,8,9,731,21,0
1035142,35,Bournemouth,False,1,6,LOSS,0.35,1,1,0.91,9,2,,2,0.86,339,,5,3,1,0,395,5,1
1035143,34,Newcastle,True,1,0,WIN,0.41,4,0,1.04,14,1,,2,0.79,271,,5,3,2,4,342,9,5
1035143,42,Arsenal,False,0,1,LOSS,0.59,9,11,0.57,9,0,,1,0.84,408,,5,4,1,9,484,14,1
1035144,65,Nottingham Forest,True,2,0,WIN,0.27,0,0,0.38,6,3,,9,0.72,172,,2,2,3,3,240,5,1
1035144,66,Aston Villa,False,0,2,LOSS,0.73,4,10,1.23,9,1,,1,0.91,598,,11,6,3,2,654,13,1
1035145,62,Sheffield Utd,True,2,1,WIN,0.38,3,4,1.05,13,2,,0,0.67,201,,4,6,2,7,300,11,2
1035145,39,Wolves,False,1,2,LOSS,0.62,2,4,1.33,10,0,,3,0.81,407,,7,5,3,3,501,10,3
1035146,47,Tottenham,True,1,4,LOSS,0.39,2,1,0.89,12,3,,3,0.79,252,2,5,1,5,3,317,8,3
1035146,49,Chelsea,False,4,1,WIN,0.61,2,6,4.12,21,4,,7,0.87,436,0,13,7,8,4,502,17,5
1035147,35,Bournemouth,True,2,0,WIN,0.48,3,6,2.46,10,5,,0,0.78,331,,15,6,10,4,422,19,2
1035147,34,Newcastle,False,0,2,LOSS,0.52,0,5,0.49,4,8,,2,0.8,377,,4,3,5,4,469,8,1
1035148,42,Arsenal,True,3,1,WIN,0.64,4,13,1.95,8,4,,3,0.86,480,1,12,6,6,4,561,16,0
1035148,44,Burnley,False,1,3,LOSS,0.36,0,3,0.32,9,3,,2,0.79,265,0,4,3,5,4,334,8,1
1035149,66,Aston Villa,True,3,1,WIN,0.51,1,2,3.08,4,4,,3,0.83,425,,9,5,6,3,511,12,2
1035149,36,Fulham,False,1,3,LOSS,0.49,0,2,0.93,17,4,,7,0.84,413,,5,4,5,4,489,9,5
1035150,51,Brighton,True,1,1,DRAW,0.61,1,6,1.53,13,1,,3,0.87,544,1,8,4,6,3,627,11,3
1035150,62,Sheffield Utd,False,1,1,DRAW,0.39,2,3,1.07,16,5,,1,0.79,311,0,4,6,1,5,396,9,2
1035151,49,Chelsea,True,4,4,DRAW,0.45,5,3,2.95,13,6,,1,0.85,377,,11,3,9,6,444,17,5
1035151,50,Manchester City,False,4,4,DRAW,0.55,2,3,2.88,15,5,,0,0.9,477,,11,3,10,4,531,15,3
1035152,52,Crystal Palace,True,2,3,LOSS,0.67,6,9,2.17,9,1,,4,0.87,573,,10,3,4,3,658,13,1
1035152,45,Everton,False,3,2,WIN,0.33,1,2,1.53,18,3,,0,0.73,226,,5,3,4,3,310,8,4
1035153,40,Liverpool,True,3,0,WIN,0.58,3,6,1.71,16,3,,2,0.82,415,,7,4,10,10,504,17,1
1035153,55,Brentford,False,0,3,LOSS,0.42,4,8,1.68,12,8,,2,0.76,269,,9,9,3,7,354,16,2
1035154,33,Manchester United,True,1,0,WIN,0.65,3,11,2.18,9,4,,1,0.87,501,,11,8,4,4,576,15,0
1035154,1359,Luton,False,0,1,LOSS,0.35,4,3,0.41,11,3,,1,0.79,254,,4,2,4,6,321,10,2
1035155,48,West Ham,True,3,2,WIN,0.54,6,9,1.80,9,3,,1,0.85,439,,8,4,6,8,516,16,2
1035155,65,Nottingham Forest,False,2,3,LOSS,0.46,3,4,1.69,12,3,,0,0.81,356,,8,2,5,2,438,10,2
1035156,39,Wolves,True,2,1,WIN,0.42,7,11,2.15,19,1,,4,0.85,364,,10,6,4,7,430,17,4
1035156,47,Tottenham,False,1,2,LOSS,0.58,2,3,0.70,15,2,,1,0.88,551,,3,2,2,3,628,6,3
1035294,55,Brentford,True,0,1,LOSS,0.36,1,1,1.19,9,3,,2,0.65,193,,7,5,3,2,298,9,1
1035294,42,Arsenal,False,1,0,WIN,0.64,4,8,1.65,7,1,,3,0.82,416,,11,7,4,4,508,15,1
1035295,44,Burnley,True,1,2,LOSS,0.51,0,4,1.26,11,2,,2,0.82,409,,8,6,5,3,496,11,1
1035295,48,West Ham,False,2,1,WIN,0.49,5,5,0.90,7,4,,1,0.76,359,,10,3,3,1,473,11,3
1035296,45,Everton,True,0,3,LOSS,0.51,6,6,2.47,10,1,,2,0.78,345,,14,12,6,10,443,24,3
1035296,33,Manchester United,False,3,0,WIN,0.49,0,5,2.22,8,6,,2,0.76,338,,7,5,4,2,444,9,0
1035297,36,Fulham,True,3,2,WIN,0.6,3,6,2.90,13,4,,1,0.84,539,,6,3,6,6,639,12,2
1035297,39,Wolves,False,2,3,LOSS,0.4,0,2,1.35,13,3,,1,0.75,325,,7,4,6,3,432,10,2
1035298,1359,Luton,True,2,1,WIN,0.39,2,4,0.94,15,7,,1,0.74,249,,6,3,3,2,335,8,6
1035298,52,Crystal Palace,False,1,2,LOSS,0.61,5,5,1.67,12,1,,1,0.79,427,,11,3,8,5,538,16,1
1035299,50,Manchester City,True,1,1,DRAW,0.6,7,9,1.36,9,2,,3,0.91,559,,11,4,5,5,614,16,1
1035299,40,Liverpool,False,1,1,DRAW,0.4,2,6,0.56,11,4,,4,0.82,338,,6,3,3,2,414,8,3
1035300,34,Newcastle,True,4,1,WIN,0.54,5,4,2.36,13,3,,,0.86,416,0,9,4,5,5,482,14,4
1035300,49,Chelsea,False,1,4,LOSS,0.46,0,2,0.53,19,1,,,0.84,356,1,4,3,4,3,423,7,6
1035301,65,Nottingham Forest,True,2,3,LOSS,0.47,8,6,1.93,12,2,,,0.82,379,0,14,5,5,4,465,18,2
1035301,51,Brighton,False,3,2,WIN,0.53,3,4,1.48,7,3,,,0.87,479,1,7,3,5,4,551,11,5
1035302,62,Sheffield Utd,True,1,3,LOSS,0.46,4,4,0.78,6,8,,4,0.67,271,,9,4,2,1,405,10,4
1035302,35,Bournemouth,False,3,1,WIN,0.54,2,7,2.86,8,1,,1,0.76,371,,16,10,11,7,490,23,1
1035303,47,Tottenham,True,1,2,LOSS,0.62,1,9,2.34,11,3,,5,0.9,571,,16,9,8,2,633,18,0
1035303,66,Aston Villa,False,2,1,WIN,0.38,2,3,1.76,13,6,,2,0.86,331,,9,8,5,6,384,15,4
1035304,35,Bournemouth,True,2,2,DRAW,0.37,3,7,2.02,16,1,,3,0.72,202,,13,5,7,2,282,15,5
1035304,66,Aston Villa,False,2,2,DRAW,0.63,5,7,0.68,12,5,,2,0.8,378,,6,3,3,5,473,11,3
1035305,42,Arsenal,True,2,1,WIN,0.57,5,4,2.89,10,2,,3,0.88,545,,14,8,6,5,617,19,1
1035305,39,Wolves,False,1,2,LOSS,0.43,0,0,0.71,10,4,,0,0.8,382,,6,3,3,0,478,6,2
1035306,55,Brentford,True,3,1,WIN,0.69,12,7,3.47,10,0,,0,0.85,530,,19,9,6,8,626,27,1
1035306,1359,Luton,False,1,3,LOSS,0.31,5,5,0.23,8,3,,2,0.69,191,,2,1,1,5,277,7,2
1035307,44,Burnley,True,5,0,WIN,0.64,6,6,1.81,10,3,,3,0.84,480,0,13,6,7,6,570,19,2
1035307,62,Sheffield Utd,False,0,5,LOSS,0.36,0,1,0.39,12,2,,1,0.72,242,1,4,3,3,2,334,6,7
1035308,49,Chelsea,True,3,2,WIN,0.32,0,5,2.11,16,7,,2,0.8,246,1,5,3,5,3,306,8,5
1035308,51,Brighton,False,2,3,LOSS,0.68,4,8,1.14,12,2,,3,0.9,580,0,9,5,9,9,645,18,5
1035309,40,Liverpool,True,4,3,WIN,0.61,6,3,2.23,6,2,,5,0.82,509,,15,8,12,11,624,26,
1035309,36,Fulham,False,3,4,LOSS,0.39,3,4,1.21,7,9,,1,0.72,284,,7,1,5,2,392,9,
1035310,50,Manchester City,True,3,3,DRAW,0.55,4,10,2.57,14,1,,2,0.88,501,,15,9,4,2,572,17,4
1035310,47,Tottenham,False,3,3,DRAW,0.45,3,8,0.46,14,2,,2,0.85,402,,3,1,4,5,472,8,4
1035311,34,Newcastle,True,1,0,WIN,0.58,7,7,2.50,6,1,,0,0.83,435,,13,11,4,9,522,22,1
1035311,33,Manchester United,False,0,1,LOSS,0.42,5,3,0.48,14,3,,1,0.76,277,,4,2,1,4,366,8,2
1035312,65,Nottingham Forest,True,0,1,LOSS,0.62,6,4,0.72,15,1,,1,0.82,484,,9,5,2,4,592,13,1
1035312,45,Everton,False,1,0,WIN,0.38,4,3,0.67,14,2,,2,0.65,235,,5,5,3,7,359,12,0
1035313,48,West Ham,True,1,1,DRAW,0.55,2,2,1.13,17,1,,2,0.81,449,,5,4,3,4,557,9,2
1035313,52,Crystal Palace,False,1,1,DRAW,0.45,4,3,0.93,7,2,,0,0.74,343,,5,3,2,4,466,9,0
1035314,66,Aston Villa,True,1,0,WIN,0.46,9,6,2.38,13,2,,0,0.85,372,,12,6,7,10,436,22,2
1035314,50,Manchester City,False,0,1,LOSS,0.54,0,0,0.65,13,6,,5,0.87,454,,2,0,2,0,520,2,2
1035315,51,Brighton,True,2,1,WIN,0.62,4,7,1.57,10,0,,1,0.87,526,,12,7,7,6,608,18,3
1035315,55,Brentford,False,1,2,LOSS,0.38,3,3,1.52,8,5,,2,0.74,279,,8,3,2,0,377,8,1
1035316,45,Everton,True,3,0,WIN,0.39,7,5,3.36,18,3,,0,0.75,235,,16,8,6,5,313,21,3
1035316,34,Newcastle,False,0,3,LOSS,0.61,3,2,1.57,8,3,,2,0.84,452,,7,7,3,6,539,13,0
1035317,36,Fulham,True,5,0,WIN,0.64,4,6,2.52,7,1,,2,0.88,616,,9,4,6,5,700,14,0
1035317,65,Nottingham Forest,False,0,5,LOSS,0.36,0,1,0.26,10,1,,3,0.82,330,,3,3,1,1,401,4,1
1035318,1359,Luton,True,3,4,LOSS,0.33,1,3,0.51,14,5,,1,0.66,195,,3,1,4,3,296,6,2
1035318,42,Arsenal,False,4,3,WIN,0.67,9,8,2.26,7,1,,4,0.85,500,,16,5,9,7,589,23,1
1035319,62,Sheffield Utd,True,0,2,LOSS,0.24,2,2,0.99,12,6,,1,0.48,100,,5,3,1,1,207,6,2
1035319,40,Liverpool,False,2,0,WIN,0.76,2,12,1.69,8,1,,4,0.84,528,,11,5,8,4,631,15,3
1035320,47,Tottenham,True,1,2,LOSS,0.75,6,8,1.79,11,3,,1,0.91,717,,16,10,7,7,784,23,3
1035320,48,West Ham,False,2,1,WIN,0.25,2,4,2.23,12,5,,6,0.73,184,,7,4,5,4,251,11,3
1035321,39,Wolves,True,1,0,WIN,0.51,0,5,0.83,11,3,,2,0.79,370,,5,3,4,2,467,7,2
1035321,44,Burnley,False,0,1,LOSS,0.49,4,8,0.87,15,3,,0,0.77,337,,4,5,3,8,436,12,4
1035322,52,Crystal Palace,True,0,2,LOSS,0.59,6,3,1.01,10,2,,,0.83,433,,9,7,3,7,524,16,1
1035322,35,Bournemouth,False,2,0,WIN,0.41,3,9,1.90,17,3,,,0.73,257,,9,4,4,2,354,11,3
1035323,33,Manchester United,True,2,1,WIN,0.45,8,12,4.17,12,2,,3,0.85,339,,20,11,9,8,397,28,4
1035323,49,Chelsea,False,1,2,LOSS,0.55,3,4,1.52,12,7,,1,0.86,440,,10,7,3,3,512,13,0
1035324,66,Aston Villa,True,1,0,WIN,0.39,5,3,0.57,16,3,,1,0.72,209,,5,2,3,5,289,10,4
1035324,42,Arsenal,False,0,1,LOSS,0.61,3,3,1.40,11,2,,4,0.84,388,,10,4,5,2,462,12,2
1035325,51,Brighton,True,1,1,DRAW,0.72,7,9,2.78,5,2,,2,0.91,705,,23,11,11,6,777,29,0
1035325,44,Burnley,False,1,1,DRAW,0.28,2,1,0.56,8,10,,1,0.73,225,,5,1,3,1,308,6,4
1035326,52,Crystal Palace,True,1,2,LOSS,0.24,2,6,1.74,17,0,,0,0.58,115,1,6,2,4,2,197,8,7
1035326,40,Liverpool,False,2,1,WIN,0.76,5,5,1.25,17,3,,6,0.87,579,0,9,7,2,5,662,14,2
1035327,45,Everton,True,2,0,WIN,0.28,2,4,1.22,12,4,,2,0.64,166,,6,2,5,3,259,9,2
1035327,49,Chelsea,False,0,2,LOSS,0.72,6,8,0.95,12,3,,1,0.87,610,,7,6,4,9,703,16,2
1035328,36,Fulham,True,5,0,WIN,0.63,1,3,2.37,5,5,,,0.89,680,,9,5,8,5,762,14,2
1035328,48,West Ham,False,0,5,LOSS,0.37,1,6,1.34,10,3,,,0.84,360,,5,3,5,4,430,9,1
1035329,1359,Luton,True,1,2,LOSS,0.35,0,6,0.33,16,4,,1,0.74,224,,2,2,2,2,302,4,2
1035329,50,Manchester City,False,2,1,WIN,0.65,5,3,1.61,6,1,,1,0.86,513,,9,7,6,9,594,18,1
1035330,33,Manchester United,True,0,3,LOSS,0.69,12,10,1.16,7,1,,1,0.85,561,,15,5,3,5,660,20,3
1035330,35,Bournemouth,False,3,0,WIN,0.31,1,4,1.48,10,3,,2,0.7,208,,9,5,4,1,296,10,1
1035331,62,Sheffield Utd,True,1,0,WIN,0.4,1,3,0.81,14,4,,1,0.72,242,,4,4,4,5,334,9,5
1035331,55,Brentford,False,0,1,LOSS,0.6,3,3,0.66,13,3,,1,0.79,384,,8,3,4,2,489,10,1
1035332,47,Tottenham,True,4,1,WIN,0.56,3,3,3.81,10,2,,1,0.86,460,,18,8,12,5,536,23,1
1035332,34,Newcastle,False,1,4,LOSS,0.44,2,6,1.69,12,7,,3,0.84,343,,6,4,3,3,409,9,3
1035333,39,Wolves,True,1,1,DRAW,0.68,2,4,1.17,9,1,,3,0.85,555,,7,4,4,3,655,10,0
1035333,65,Nottingham Forest,False,1,1,DRAW,0.32,2,3,1.29,11,3,,1,0.68,210,,6,4,2,2,307,8,1
1035334,35,Bournemouth,True,4,3,WIN,0.59,8,11,2.35,16,1,,1,0.79,348,,18,6,10,6,438,24,1
1035334,1359,Luton,False,3,4,LOSS,0.41,1,3,2.06,11,5,,1,0.68,210,,8,3,4,0,310,8,2
1035335,42,Arsenal,True,2,0,WIN,0.49,9,10,2.34,11,1,,1,0.9,463,,20,8,9,6,516,26,1
1035335,51,Brighton,False,0,2,LOSS,0.51,2,1,0.69,9,6,,1,0.9,495,,5,3,1,1,550,6,3
1035336,55,Brentford,True,1,2,LOSS,0.33,0,7,0.51,19,3,,7,0.68,170,1,4,1,3,0,250,4,6
1035336,66,Aston Villa,False,2,1,WIN,0.67,4,11,1.42,6,2,,0,0.85,449,1,8,6,5,7,528,15,4
1035337,44,Burnley,True,0,2,LOSS,0.62,9,8,0.71,9,4,,0,0.85,460,,8,3,2,6,542,14,0
1035337,45,Everton,False,2,0,WIN,0.38,0,6,1.46,8,2,,4,0.72,237,,7,3,6,2,330,9,1
1035338,49,Chelsea,True,2,0,WIN,0.78,5,7,3.05,9,1,,3,0.91,740,,7,4,6,8,815,15,1
1035338,62,Sheffield Utd,False,0,2,LOSS,0.22,4,5,0.36,14,4,,1,0.61,138,,3,1,1,3,226,6,3
1035339,40,Liverpool,True,0,0,DRAW,0.68,13,12,2.38,13,2,,4,0.84,510,0,19,13,8,15,607,34,2
1035339,33,Manchester United,False,0,0,DRAW,0.32,1,0,0.75,8,8,,2,0.71,209,1,4,4,1,2,293,6,6
1035340,50,Manchester City,True,2,2,DRAW,0.74,5,6,1.61,12,0,,2,0.92,751,,12,5,9,7,818,19,1
1035340,52,Crystal Palace,False,2,2,DRAW,0.26,2,1,1.82,9,7,,1,0.76,216,,2,1,2,3,285,5,1
1035341,34,Newcastle,True,3,0,WIN,0.71,7,5,3.51,7,4,,2,0.9,629,0,19,10,10,8,696,27,0
1035341,36,Fulham,False,0,3,LOSS,0.29,0,1,0.28,12,7,,0,0.77,221,1,3,2,4,3,287,6,2
1035342,65,Nottingham Forest,True,0,2,LOSS,0.33,6,6,1.35,16,4,,5,0.73,179,0,10,8,1,5,244,15,2
1035342,47,Tottenham,False,2,0,WIN,0.67,4,4,1.57,11,1,,0,0.89,486,1,11,2,6,1,547,12,4
1035343,48,West Ham,True,3,0,WIN,0.44,4,6,1.13,12,3,,1,0.79,343,,6,5,4,7,433,13,3
1035343,39,Wolves,False,0,3,LOSS,0.56,7,5,0.66,15,1,,2,0.84,456,,7,4,3,7,541,14,1
1035344,66,Aston Villa,True,1,1,DRAW,0.78,4,9,0.86,11,1,,0,0.88,577,,7,4,4,5,656,12,3
1035344,62,Sheffield Utd,False,1,1,DRAW,0.22,1,1,0.58,16,3,,4,0.63,120,,3,2,2,2,192,5,3
1035345,52,Crystal Palace,True,1,1,DRAW,0.34,5,3,1.35,12,5,,1,0.78,305,,10,3,3,1,389,11,5
1035345,51,Brighton,False,1,1,DRAW,0.66,5,1,1.19,11,2,,2,0.91,690,,10,7,6,8,756,18,2
1035346,36,Fulham,True,0,2,LOSS,0.66,9,8,1.42,5,0,,2,0.85,598,,15,5,5,4,702,19,2
1035346,44,Burnley,False,2,0,WIN,0.34,2,6,0.37,17,5,,3,0.75,273,,4,3,2,3,362,7,1
1035347,40,Liverpool,True,1,1,DRAW,0.51,4,4,0.97,13,1,,1,0.81,357,,8,6,3,5,442,13,2
1035347,42,Arsenal,False,1,1,DRAW,0.49,5,5,0.74,14,2,,1,0.8,337,,9,6,2,4,423,13,5
1035348,1359,Luton,True,1,0,WIN,0.35,2,5,1.49,11,2,,0,0.74,222,,9,9,5,7,300,16,2
1035348,34,Newcastle,False,0,1,LOSS,0.65,6,7,1.50,6,4,,3,0.83,469,,13,7,2,2,568,15,1
1035349,50,Manchester City,True,1,0,WIN,0.7,5,10,2.45,12,2,,1,0.92,656,,14,9,11,11,712,25,2
1035349,55,Brentford,False,0,1,LOSS,0.3,1,1,0.35,6,9,,3,0.75,227,,4,3,2,2,304,6,4
1035350,65,Nottingham Forest,True,2,3,LOSS,0.33,5,6,1.02,10,3,,,0.63,162,1,10,1,5,1,256,11,2
1035350,35,Bournemouth,False,3,2,WIN,0.67,4,6,1.61,10,2,,,0.83,434,0,13,7,7,5,523,18,3
1035351,47,Tottenham,True,2,1,WIN,0.61,2,3,1.48,6,7,,2,0.84,488,,9,5,6,4,583,13,1
1035351,45,Everton,False,1,2,LOSS,0.39,4,8,1.78,18,4,,3,0.77,277,,16,6,8,2,358,18,4
1035352,48,West Ham,True,2,0,WIN,0.35,3,4,1.25,13,3,,1,0.79,255,,10,4,5,2,321,12,2
1035352,33,Manchester United,False,0,2,LOSS,0.65,2,4,1.03,15,3,,1,0.86,536,,7,6,3,4,626,11,3
1035353,39,Wolves,True,2,1,WIN,0.32,5,10,1.27,11,3,,3,0.66,176,,8,3,6,6,266,14,3
1035353,49,Chelsea,False,1,2,LOSS,0.68,7,6,2.06,9,4,,0,0.88,527,,8,4,5,8,600,16,6
1035354,35,Bournemouth,True,3,0,WIN,0.43,8,6,1.82,10,3,,3,0.81,327,,10,4,4,6,403,16,0
1035354,36,Fulham,False,0,3,LOSS,0.57,4,5,0.28,10,1,,0,0.84,462,,4,1,3,4,548,8,2
1035355,42,Arsenal,True,0,2,LOSS,0.74,10,10,2.77,8,1,,0,0.91,679,,18,12,8,12,749,30,2
1035355,48,West Ham,False,2,0,WIN,0.26,2,3,1.42,8,8,,1,0.69,184,,4,1,3,2,265,6,0
1035356,55,Brentford,True,1,4,LOSS,0.61,5,8,2.23,5,1,,1,0.8,491,,10,5,4,4,610,14,1
1035356,39,Wolves,False,4,1,WIN,0.39,4,2,2.39,14,3,,3,0.74,305,,6,2,5,5,410,11,1
1035357,51,Brighton,True,4,2,WIN,0.45,3,7,3.58,18,1,,2,0.83,379,,13,3,9,2,459,15,3
1035357,47,Tottenham,False,2,4,LOSS,0.55,8,6,2.35,6,5,,5,0.85,456,,14,8,3,5,537,19,2
1035358,44,Burnley,True,0,2,LOSS,0.31,1,4,0.81,7,8,,1,0.63,184,,5,8,0,4,292,9,2
1035358,40,Liverpool,False,2,0,WIN,0.69,3,4,1.82,10,0,,4,0.85,563,,12,6,10,7,664,19,1
1035359,49,Chelsea,True,2,1,WIN,0.64,2,4,2.57,13,4,,3,0.89,572,,9,3,4,0,644,9,3
1035359,52,Crystal Palace,False,1,2,LOSS,0.36,5,3,1.12,16,1,,6,0.82,287,,9,3,5,4,352,13,2
1035360,45,Everton,True,1,3,LOSS,0.28,0,4,0.98,13,6,,1,0.72,211,,6,5,2,1,293,7,4
1035360,50,Manchester City,False,3,1,WIN,0.72,6,8,2.60,5,1,,1,0.91,701,,13,8,9,10,772,23,2
1035361,33,Manchester United,True,3,2,WIN,0.46,3,3,1.13,10,1,,9,0.8,313,,8,3,7,5,393,13,1
1035361,66,Aston Villa,False,2,3,LOSS,0.54,4,6,1.66,10,4,,0,0.82,379,,7,2,4,3,462,10,3
1035362,34,Newcastle,True,1,3,LOSS,0.62,6,10,2.43,10,3,,0,0.87,444,,16,6,7,3,513,19,3
1035362,65,Nottingham Forest,False,3,1,WIN,0.38,3,2,3.46,11,5,,1,0.8,260,,10,6,6,5,326,15,3
1035363,62,Sheffield Utd,True,2,3,LOSS,0.51,8,9,2.59,13,3,,1,0.74,264,,12,7,6,9,356,21,5
1035363,1359,Luton,False,3,2,WIN,0.49,5,4,0.63,13,2,,0,0.77,266,,6,3,4,6,346,12,0
1035364,66,Aston Villa,True,3,2,WIN,0.66,5,6,3.23,9,3,,1,0.85,396,0,13,7,7,6,465,19,4
1035364,44,Burnley,False,2,3,LOSS,0.34,1,2,1.17,14,4,,6,0.72,173,1,7,3,5,2,240,9,3
1035365,52,Crystal Palace,True,3,1,WIN,0.46,3,7,0.98,14,4,,1,0.82,362,,9,4,6,4,443,13,0
1035365,55,Brentford,False,1,3,LOSS,0.54,1,4,1.39,10,3,,1,0.81,411,,6,4,4,3,510,9,1
1035366,36,Fulham,True,2,1,WIN,0.4,6,5,1.22,11,2,,4,0.83,340,,8,5,4,7,412,15,4
1035366,42,Arsenal,False,1,2,LOSS,0.6,3,4,1.64,10,2,,0,0.88,562,,10,7,3,3,637,13,1
1035367,40,Liverpool,True,4,2,WIN,0.62,12,7,7.11,16,1,,1,0.85,471,,25,7,15,9,555,34,3
1035367,34,Newcastle,False,2,4,LOSS,0.38,1,3,0.60,15,10,,3,0.75,264,,4,1,3,1,350,5,5
1035368,1359,Luton,True,2,3,LOSS,0.51,5,7,2.53,14,5,,5,0.83,339,,12,4,6,3,406,15,2
1035368,49,Chelsea,False,3,2,WIN,0.49,2,2,1.50,21,4,,1,0.83,346,,7,2,8,5,418,12,2
1035369,50,Manchester City,True,2,0,WIN,0.81,6,12,2.21,5,2,,1,0.94,944,,10,8,4,8,1000,18,1
1035369,62,Sheffield Utd,False,0,2,LOSS,0.19,2,2,0.31,6,2,,2,0.75,174,,4,0,2,0,233,4,1
1035370,65,Nottingham Forest,True,2,1,WIN,0.45,3,4,0.70,9,4,,1,0.78,310,,4,3,2,4,397,8,2
1035370,33,Manchester United,False,1,2,LOSS,0.55,3,5,0.76,11,0,,2,0.81,395,,6,2,5,4,489,10,4
1035371,47,Tottenham,True,3,1,WIN,0.51,2,4,2.32,9,3,,4,0.81,355,,10,4,6,2,436,12,3
1035371,35,Bournemouth,False,1,3,LOSS,0.49,11,13,1.68,18,3,,3,0.85,344,,16,9,4,8,407,24,2
1035372,48,West Ham,True,0,0,DRAW,0.31,0,2,0.68,4,8,,3,0.81,311,,4,4,2,2,382,6,1
1035372,51,Brighton,False,0,0,DRAW,0.69,5,0,2.38,6,2,,1,0.92,799,,17,9,8,5,865,22,0
1035373,39,Wolves,True,3,0,WIN,0.53,3,5,1.99,9,0,,3,0.81,417,,10,3,6,2,512,12,2
1035373,45,Everton,False,0,3,LOSS,0.47,4,2,0.46,14,4,,1,0.79,361,,5,6,0,5,457,10,3
1035374,35,Bournemouth,True,0,4,LOSS,0.39,6,8,1.37,9,3,,1,0.72,235,,5,4,1,6,328,11,1
1035374,40,Liverpool,False,4,0,WIN,0.61,4,5,1.57,12,1,,0,0.83,439,,8,3,7,6,526,14,2
1035375,42,Arsenal,True,5,0,WIN,0.61,7,6,3.21,8,5,,5,0.87,487,,13,8,6,8,561,21,
1035375,52,Crystal Palace,False,0,5,LOSS,0.39,2,7,0.35,12,2,,2,0.78,284,,3,5,5,9,362,12,
1035376,55,Brentford,True,3,2,WIN,0.48,3,6,1.20,10,1,,0,0.75,342,,8,3,5,3,456,11,1
1035376,65,Nottingham Forest,False,2,3,LOSS,0.52,4,4,1.22,14,2,,2,0.81,400,,6,5,3,6,496,12,3
1035377,51,Brighton,True,0,0,DRAW,0.72,6,8,1.05,10,3,,3,0.91,717,,8,1,4,3,791,11,1
1035377,39,Wolves,False,0,0,DRAW,0.28,0,2,1.15,13,3,,1,0.76,238,,4,5,3,4,312,8,4
1035378,44,Burnley,True,1,1,DRAW,0.39,0,2,1.10,7,4,,1,0.7,240,,7,6,7,6,342,13,1
1035378,1359,Luton,False,1,1,DRAW,0.61,6,8,0.95,12,7,,4,0.81,439,,8,3,5,6,542,14,0
1035379,49,Chelsea,True,1,0,WIN,0.55,5,6,2.19,13,4,,4,0.84,442,,12,9,3,5,524,17,5
1035379,36,Fulham,False,0,1,LOSS,0.45,4,4,0.86,9,2,,0,0.78,330,,8,6,4,6,423,14,1
1035380,45,Everton,True,0,0,DRAW,0.31,3,4,1.20,13,4,,5,0.63,149,,7,5,2,3,236,10,1
1035380,66,Aston Villa,False,0,0,DRAW,0.69,4,5,1.26,14,2,,1,0.86,454,,12,7,5,4,530,16,4
1035381,33,Manchester United,True,2,2,DRAW,0.36,3,8,0.75,8,3,,3,0.76,237,,6,4,2,3,313,9,2
1035381,47,Tottenham,False,2,2,DRAW,0.64,4,13,1.23,5,0,,4,0.9,497,,12,6,6,4,555,16,1
1035382,34,Newcastle,True,2,3,LOSS,0.27,5,3,1.30,7,8,,8,0.73,203,,10,2,5,2,277,12,1
1035382,50,Manchester City,False,3,2,WIN,0.73,9,13,3.00,7,3,,1,0.91,677,,15,7,11,12,747,27,2
1035383,62,Sheffield Utd,True,2,2,DRAW,0.57,8,4,2.51,11,3,,1,0.8,396,1,12,7,6,9,496,21,3
1035383,48,West Ham,False,2,2,DRAW,0.43,6,1,2.34,10,4,,2,0.74,273,1,14,5,5,2,370,16,3
1035384,66,Aston Villa,True,1,3,LOSS,0.61,2,8,1.46,14,3,,2,0.88,498,,9,4,6,3,569,12,4
1035384,34,Newcastle,False,3,1,WIN,0.39,5,7,2.63,12,4,,4,0.79,284,,13,4,5,1,359,14,1
1035385,36,Fulham,True,0,0,DRAW,0.69,6,15,1.71,6,2,,3,0.86,512,,15,13,6,10,596,25,1
1035385,45,Everton,False,0,0,DRAW,0.31,6,6,2.15,12,5,,2,0.69,182,,15,11,4,6,263,21,2
1035386,1359,Luton,True,4,0,WIN,0.41,8,7,3.21,13,2,,4,0.71,253,,13,2,8,5,357,18,2
1035386,51,Brighton,False,0,4,LOSS,0.59,3,4,0.94,14,4,,1,0.77,415,,7,4,2,2,542,9,2
1035387,65,Nottingham Forest,True,1,2,LOSS,0.27,3,2,0.46,6,2,,1,0.73,195,,5,3,3,4,268,9,0
1035387,42,Arsenal,False,2,1,WIN,0.73,9,10,1.32,7,2,,3,0.89,676,,12,7,3,7,759,19,1
1035388,47,Tottenham,True,3,2,WIN,0.68,7,5,3.01,13,3,,2,0.86,531,,14,7,5,5,618,19,2
1035388,55,Brentford,False,2,3,LOSS,0.32,1,3,1.59,15,2,,3,0.66,183,,8,3,5,1,276,9,3
1035389,48,West Ham,True,1,1,DRAW,0.49,3,1,1.39,13,3,,1,0.79,356,,7,3,3,2,451,9,1
1035389,35,Bournemouth,False,1,1,DRAW,0.51,2,5,1.20,11,2,,3,0.77,370,,7,3,4,2,482,9,3
1035390,39,Wolves,True,3,4,LOSS,0.53,5,4,2.20,10,5,,1,0.87,446,,12,4,7,4,511,16,2
1035390,33,Manchester United,False,4,3,WIN,0.47,6,5,3.34,10,3,,2,0.85,386,,12,7,8,9,454,21,5
1035391,52,Crystal Palace,True,3,2,WIN,0.54,3,11,1.15,8,3,,2,0.83,379,,6,5,4,6,458,12,1
1035391,62,Sheffield Utd,False,2,3,LOSS,0.46,2,1,0.76,18,1,,0,0.74,310,,6,2,5,3,417,9,4
1035392,40,Liverpool,True,4,1,WIN,0.51,9,8,2.90,15,2,,3,0.85,472,,15,6,13,13,553,28,2
1035392,49,Chelsea,False,1,4,LOSS,0.49,0,1,0.58,16,9,,3,0.86,483,,2,1,3,2,561,4,4
1035393,50,Manchester City,True,3,1,WIN,0.74,6,7,1.76,3,2,,3,0.9,717,,9,4,4,5,795,14,2
1035393,44,Burnley,False,1,3,LOSS,0.26,2,3,1.44,13,1,,3,0.74,199,,6,3,3,2,270,8,2
1035394,35,Bournemouth,True,1,1,DRAW,0.44,7,11,1.27,19,5,,1,0.69,229,1,4,0,2,5,330,9,3
1035394,65,Nottingham Forest,False,1,1,DRAW,0.56,0,6,0.53,12,0,,1,0.77,329,0,3,2,6,5,427,8,2
1035395,42,Arsenal,True,3,1,WIN,0.43,5,2,3.50,11,1,,3,0.78,304,0,12,3,7,3,390,15,6
1035395,40,Liverpool,False,1,3,LOSS,0.57,2,4,0.37,11,4,,1,0.84,441,1,6,7,1,4,528,10,4
1035396,55,Brentford,True,1,3,LOSS,0.28,3,8,1.04,2,12,,2,0.73,203,,7,3,3,2,279,9,1
1035396,50,Manchester City,False,3,1,WIN,0.72,7,13,2.09,4,1,,0,0.91,679,,12,3,15,13,750,25,0
1035397,51,Brighton,True,4,1,WIN,0.69,7,3,1.43,8,4,,2,0.94,817,,9,0,6,4,870,13,1
1035397,52,Crystal Palace,False,1,4,LOSS,0.31,1,2,0.30,14,2,,2,0.85,329,,3,1,5,4,389,7,3
1035398,44,Burnley,True,2,2,DRAW,0.44,4,2,1.81,11,5,,1,0.75,285,,9,4,4,3,382,12,2
1035398,36,Fulham,False,2,2,DRAW,0.56,4,13,1.51,7,2,,1,0.76,372,,12,4,7,3,489,15,2
1035399,49,Chelsea,True,2,4,LOSS,0.64,2,10,1.74,15,4,,3,0.89,565,,11,7,6,4,637,15,3
1035399,39,Wolves,False,4,2,WIN,0.36,3,1,2.00,11,2,,0,0.79,282,,11,4,7,3,356,14,2
1035400,45,Everton,True,2,2,DRAW,0.43,3,9,2.62,8,4,,5,0.73,252,,8,6,5,6,347,14,3
1035400,47,Tottenham,False,2,2,DRAW,0.57,1,5,0.98,14,2,,1,0.78,385,,4,2,6,5,495,9,0
1035401,33,Manchester United,True,3,0,WIN,0.51,2,5,0.75,10,4,,1,0.86,452,,7,5,5,5,528,12,0
1035401,48,West Ham,False,0,3,LOSS,0.49,8,8,1.40,5,2,,0,0.87,421,,13,11,3,9,482,22,1
1035402,34,Newcastle,True,4,4,DRAW,0.54,7,8,2.40,13,4,,,0.74,317,,14,6,6,5,431,19,2
1035402,1359,Luton,False,4,4,DRAW,0.46,3,2,2.36,16,2,,,0.81,306,,10,0,8,1,379,11,2
1035403,62,Sheffield Utd,True,0,5,LOSS,0.36,3,3,1.48,10,4,,6,0.79,278,,10,2,5,0,353,10,1
1035403,66,Aston Villa,False,5,0,WIN,0.64,0,4,2.19,7,4,,0,0.89,562,,10,4,10,4,633,14,0
1035404,66,Aston Villa,True,1,2,LOSS,0.56,7,10,2.43,9,3,,0,0.87,427,,18,6,10,5,491,23,3
1035404,33,Manchester United,False,2,1,WIN,0.44,7,8,1.79,7,8,,6,0.8,312,,13,5,5,4,388,17,2
1035405,52,Crystal Palace,True,1,3,LOSS,0.23,5,1,0.56,15,2,,2,0.66,161,,7,4,4,6,244,13,2
1035405,49,Chelsea,False,3,1,WIN,0.77,5,7,1.40,7,3,,4,0.9,749,,10,4,5,4,835,14,2
1035406,36,Fulham,True,3,1,WIN,0.49,0,1,1.55,11,4,,1,0.75,342,,5,1,6,2,453,7,1
1035406,35,Bournemouth,False,1,3,LOSS,0.51,12,13,1.84,11,4,,3,0.78,351,,17,9,4,8,448,25,2
1035407,40,Liverpool,True,3,1,WIN,0.71,9,9,2.86,11,3,,2,0.87,581,,18,6,10,7,670,25,3
1035407,44,Burnley,False,1,3,LOSS,0.29,1,3,1.33,13,7,,2,0.67,185,,7,4,4,2,277,9,2
1035408,1359,Luton,True,1,3,LOSS,0.75,7,13,1.88,7,0,,2,0.85,479,,13,8,5,7,563,20,1
1035408,62,Sheffield Utd,False,3,1,WIN,0.25,1,1,1.81,12,4,,0,0.57,110,,6,3,3,1,192,7,2
1035409,50,Manchester City,True,2,0,WIN,0.73,11,9,1.63,6,1,,1,0.92,709,,14,5,3,5,772,19,0
1035409,45,Everton,False,0,2,LOSS,0.27,1,0,0.32,11,1,,2,0.76,222,,2,3,1,3,294,5,2
1035410,65,Nottingham Forest,True,2,3,LOSS,0.38,5,4,1.50,9,2,,3,0.79,289,,5,5,3,8,365,13,1
1035410,34,Newcastle,False,3,2,WIN,0.62,1,4,0.48,6,1,,0,0.88,546,,3,1,5,4,624,7,2
1035411,47,Tottenham,True,2,1,WIN,0.53,6,9,1.65,14,2,,4,0.85,447,,10,4,6,6,527,16,2
1035411,51,Brighton,False,1,2,LOSS,0.47,2,6,1.24,13,4,,6,0.83,394,,5,1,3,1,475,6,3
1035412,48,West Ham,True,0,6,LOSS,0.3,4,2,0.22,17,6,,2,0.74,211,,2,0,1,3,287,5,4
1035412,42,Arsenal,False,6,0,WIN,0.7,4,6,3.59,11,1,,2,0.93,646,,18,9,12,7,692,25,0
1035413,39,Wolves,True,0,2,LOSS,0.71,4,7,1.05,11,4,,1,0.87,565,,10,8,5,7,651,17,2
1035413,55,Brentford,False,2,0,WIN,0.29,0,4,1.94,9,5,,0,0.61,165,,7,3,6,2,272,9,3
1035414,55,Brentford,True,1,4,LOSS,0.37,2,1,1.69,4,4,,3,0.69,247,,9,7,6,6,357,15,2
1035414,40,Liverpool,False,4,1,WIN,0.63,2,6,2.82,18,5,,2,0.83,508,,11,5,8,4,614,15,1
1035415,44,Burnley,True,0,5,LOSS,0.35,3,4,0.31,11,2,,5,0.73,232,,5,5,0,3,316,8,2
1035415,42,Arsenal,False,5,0,WIN,0.65,5,6,2.36,8,0,,1,0.87,522,,11,4,7,5,603,16,1
1035416,45,Everton,True,1,1,DRAW,0.63,5,3,1.74,8,2,,1,0.8,423,,12,10,4,7,527,19,0
1035416,52,Crystal Palace,False,1,1,DRAW,0.37,3,6,0.73,12,3,,2,0.65,204,,9,3,4,1,315,10,2
1035417,36,Fulham,True,1,2,LOSS,0.52,1,4,1.55,11,1,,2,0.85,384,,11,10,4,4,450,15,5
1035417,66,Aston Villa,False,2,1,WIN,0.48,3,4,1.61,6,3,,6,0.85,360,,7,6,3,5,425,12,2
1035418,1359,Luton,True,1,2,LOSS,0.59,8,8,1.82,7,6,,4,0.84,441,,13,10,4,9,528,22,3
1035418,33,Manchester United,False,2,1,WIN,0.41,7,6,2.98,21,3,,1,0.76,299,,13,5,9,8,391,21,5
1035419,50,Manchester City,True,1,1,DRAW,0.7,14,12,2.69,7,5,,0,0.91,647,,23,12,5,8,711,31,1
1035419,49,Chelsea,False,1,1,DRAW,0.3,1,1,1.44,12,4,,5,0.81,249,,8,2,6,1,307,9,3
1035420,34,Newcastle,True,2,2,DRAW,0.63,2,4,2.23,9,4,,0,0.79,376,,10,10,5,7,478,17,1
1035420,35,Bournemouth,False,2,2,DRAW,0.37,1,2,2.22,23,4,,3,0.65,178,,6,4,7,6,275,12,3
1035421,65,Nottingham Forest,True,2,0,WIN,0.48,4,5,2.82,13,3,,1,0.82,334,0,13,7,8,6,406,19,4
1035421,48,West Ham,False,0,2,LOSS,0.52,5,2,0.50,15,6,,1,0.83,355,1,6,2,3,4,430,10,6
1035422,62,Sheffield Utd,True,0,5,LOSS,0.21,3,5,0.59,3,7,,2,0.68,154,1,3,2,1,3,226,6,1
1035422,51,Brighton,False,5,0,WIN,0.79,9,10,2.90,5,1,,2,0.94,819,0,19,5,10,5,871,24,4
1035423,47,Tottenham,True,1,2,LOSS,0.71,4,10,1.62,8,5,,1,0.89,664,,10,7,4,5,748,15,0
1035423,39,Wolves,False,2,1,WIN,0.29,1,4,1.75,13,4,,2,0.71,214,,9,4,7,3,300,12,1
1035424,35,Bournemouth,True,0,1,LOSS,0.38,4,3,0.93,14,5,,3,0.78,273,,8,5,4,5,351,13,2
1035424,50,Manchester City,False,1,0,WIN,0.62,6,8,1.64,6,4,,0,0.85,493,,10,3,6,5,582,15,2
1035425,42,Arsenal,True,4,1,WIN,0.55,4,9,2.86,15,1,,3,0.85,472,,15,6,8,3,557,18,1
1035425,34,Newcastle,False,1,4,LOSS,0.45,0,0,0.16,6,4,,2,0.8,370,,3,1,2,0,462,3,0
1035426,66,Aston Villa,True,4,2,WIN,0.58,5,7,3.57,7,1,,1,0.92,469,,13,5,6,3,512,16,1
1035426,65,Nottingham Forest,False,2,4,LOSS,0.42,1,2,2.56,16,2,,2,0.86,321,,7,6,3,3,372,10,2
1035427,51,Brighton,True,1,1,DRAW,0.65,11,11,1.41,9,1,,1,0.9,573,1,17,5,7,6,638,23,2
1035427,45,Everton,False,1,1,DRAW,0.35,1,3,0.29,14,6,,3,0.8,280,0,5,2,3,1,350,6,3
1035428,49,Chelsea,True,2,0,WIN,0.37,2,4,2.14,12,4,,1,0.77,274,,11,9,5,5,357,16,0
1035428,47,Tottenham,False,0,2,LOSS,0.63,9,9,1.61,16,2,,2,0.86,499,,12,7,3,7,577,19,1
1035429,52,Crystal Palace,True,3,0,WIN,0.56,3,12,2.40,8,0,,6,0.79,377,0,10,6,6,5,477,15,3
1035429,44,Burnley,False,0,3,LOSS,0.44,1,3,0.08,14,3,,2,0.71,280,1,2,1,0,0,393,2,1
1035430,40,Liverpool,True,4,1,WIN,0.61,8,13,3.32,15,2,,2,0.83,421,,20,8,13,9,508,29,1
1035430,1359,Luton,False,1,4,LOSS,0.39,6,4,0.92,14,9,,3,0.74,242,,6,3,3,6,329,12,4
1035431,33,Manchester United,True,1,2,LOSS,0.57,6,10,1.72,6,3,,2,0.86,464,,11,6,9,10,537,21,2
1035431,36,Fulham,False,2,1,WIN,0.43,4,9,1.20,11,7,,1,0.82,326,,11,8,5,6,400,17,5
1035432,48,West Ham,True,4,2,WIN,0.41,1,1,1.69,5,5,,2,0.77,305,,11,10,6,6,396,17,1
1035432,55,Brentford,False,2,4,LOSS,0.59,5,7,0.91,9,2,,4,0.81,445,,9,1,8,5,551,14,2
1035433,39,Wolves,True,1,0,WIN,0.64,3,5,1.31,8,4,,1,0.87,529,,10,8,2,3,608,13,2
1035433,62,Sheffield Utd,False,0,1,LOSS,0.36,4,6,0.58,4,1,,0,0.76,259,,9,4,4,3,341,12,1
1035434,55,Brentford,True,2,2,DRAW,0.32,2,0,1.83,10,3,,1,0.69,206,,9,7,5,5,297,14,3
1035434,49,Chelsea,False,2,2,DRAW,0.68,5,6,1.81,9,3,,4,0.85,545,,9,6,6,8,642,17,1
1035435,44,Burnley,True,0,2,LOSS,0.75,6,7,1.49,8,1,,2,0.82,497,,11,8,6,9,608,20,2
1035435,35,Bournemouth,False,2,0,WIN,0.25,1,2,1.12,13,5,,4,0.56,116,,8,6,3,2,206,10,4
1035436,45,Everton,True,1,3,LOSS,0.55,7,4,2.73,9,2,,2,0.82,406,,11,4,11,11,498,22,1
1035436,48,West Ham,False,3,1,WIN,0.45,2,5,1.87,6,9,,1,0.75,305,,9,5,5,3,407,12,2
1035437,36,Fulham,True,3,0,WIN,0.3,3,2,1.30,16,5,,2,0.71,217,,9,4,5,3,307,12,1
1035437,51,Brighton,False,0,3,LOSS,0.7,3,6,1.34,10,2,,4,0.89,660,,10,7,5,5,742,15,2
1035438,1359,Luton,True,2,3,LOSS,0.47,5,8,1.77,8,5,,3,0.84,307,,11,4,5,3,365,14,1
1035438,66,Aston Villa,False,3,2,WIN,0.53,0,6,1.95,19,2,,1,0.85,379,,12,4,8,0,444,12,4
1035439,50,Manchester City,True,3,1,WIN,0.73,11,15,3.33,5,0,,0,0.92,736,,17,8,8,10,801,27,0
1035439,33,Manchester United,False,1,3,LOSS,0.27,0,2,0.25,10,5,,1,0.79,240,,2,2,1,1,305,3,1
1035440,34,Newcastle,True,3,0,WIN,0.44,3,3,2.19,8,3,,0,0.78,354,,8,4,7,6,451,14,0
1035440,39,Wolves,False,0,3,LOSS,0.56,3,5,0.80,11,3,,2,0.85,480,,8,6,3,4,564,12,1
1035441,65,Nottingham Forest,True,0,1,LOSS,0.29,3,3,0.97,11,1,,2,0.67,187,,5,3,2,3,278,8,3
1035441,40,Liverpool,False,1,0,WIN,0.71,11,12,2.07,12,2,,1,0.86,571,,19,9,2,3,662,22,2
1035442,62,Sheffield Utd,True,0,6,LOSS,0.19,1,0,0.23,11,4,,2,0.67,142,,2,3,0,2,213,4,1
1035442,42,Arsenal,False,6,0,WIN,0.81,7,7,2.24,4,0,,5,0.92,827,,17,5,10,5,895,22,0
1035443,47,Tottenham,True,3,1,WIN,0.78,2,11,1.91,7,0,,2,0.89,732,,12,6,6,2,818,14,1
1035443,52,Crystal Palace,False,1,3,LOSS,0.22,1,1,0.32,16,3,,5,0.7,158,,2,2,1,2,226,4,2
1035444,35,Bournemouth,True,2,2,DRAW,0.7,10,10,3.35,12,7,,1,0.84,514,,21,10,12,11,614,32,3
1035444,62,Sheffield Utd,False,2,2,DRAW,0.3,2,3,1.25,11,9,,1,0.59,163,,10,2,9,3,278,13,5
1035445,42,Arsenal,True,2,1,WIN,0.72,5,10,1.28,9,3,,1,0.82,465,,11,6,6,6,564,17,2
1035445,55,Brentford,False,1,2,LOSS,0.28,3,4,0.97,10,4,,2,0.54,123,,6,2,4,3,226,9,4
1035446,66,Aston Villa,True,0,4,LOSS,0.31,7,6,0.83,11,1,,5,0.79,239,1,7,2,1,3,303,10,0
1035446,47,Tottenham,False,4,0,WIN,0.69,3,4,1.55,15,1,,2,0.91,647,0,7,1,5,2,708,9,2
1035447,51,Brighton,True,1,0,WIN,0.64,3,6,0.43,14,4,,1,0.92,623,,6,4,3,4,680,10,4
1035447,65,Nottingham Forest,False,0,1,LOSS,0.36,1,3,0.70,14,3,,1,0.83,311,,6,4,4,3,375,9,4
1035448,49,Chelsea,True,3,2,WIN,0.45,0,0,1.57,12,1,,2,0.79,342,,6,4,8,6,432,12,3
1035448,34,Newcastle,False,2,3,LOSS,0.55,3,4,0.74,7,4,,2,0.83,424,,8,5,3,3,512,11,1
1035449,52,Crystal Palace,True,1,1,DRAW,0.5,8,8,2.73,20,1,,0,0.79,345,,13,9,4,8,436,21,2
1035449,1359,Luton,False,1,1,DRAW,0.5,1,6,0.84,11,3,,1,0.79,339,,8,5,2,0,431,8,3
1035450,40,Liverpool,True,1,1,DRAW,0.53,4,7,2.70,6,5,,6,0.84,490,,11,9,6,8,584,19,0
1035450,50,Manchester City,False,1,1,DRAW,0.47,2,4,1.56,10,5,,1,0.82,435,,5,2,6,5,530,10,3
1035451,33,Manchester United,True,2,0,WIN,0.51,4,5,2.72,13,6,,6,0.82,398,,11,3,8,4,488,15,1
1035451,45,Everton,False,0,2,LOSS,0.49,10,8,1.61,11,6,,1,0.84,373,,16,7,6,7,444,23,2
1035452,48,West Ham,True,2,2,DRAW,0.52,6,4,2.11,11,3,,5,0.73,321,,16,12,4,6,439,22,2
1035452,44,Burnley,False,2,2,DRAW,0.48,6,3,0.68,18,2,,2,0.7,299,,3,1,4,8,428,11,4
1035453,39,Wolves,True,2,1,WIN,0.48,0,3,0.83,7,5,,3,0.85,383,,5,5,3,3,451,8,2
1035453,36,Fulham,False,1,2,LOSS,0.52,7,4,2.70,11,2,,0,0.84,417,,16,9,7,7,495,23,2
1035454,42,Arsenal,True,5,0,WIN,0.44,10,4,3.42,12,1,,3,0.88,439,,19,7,10,8,497,27,2
1035454,49,Chelsea,False,0,5,LOSS,0.56,2,2,1.68,11,6,,0,0.88,557,,6,4,1,1,630,7,2
1035455,51,Brighton,True,0,4,LOSS,0.35,1,4,0.62,10,2,,5,0.89,376,,5,3,3,2,421,7,2
1035455,50,Manchester City,False,4,0,WIN,0.65,4,4,1.36,3,3,,1,0.93,734,,10,4,6,4,786,14,0
1035456,44,Burnley,True,2,1,WIN,0.61,6,5,2.77,14,5,,5,0.8,366,0,10,5,6,7,457,17,2
1035456,55,Brentford,False,1,2,LOSS,0.39,3,4,1.16,17,4,,3,0.63,185,1,8,1,5,1,292,9,4
1035457,52,Crystal Palace,True,2,0,WIN,0.47,7,7,0.89,10,2,,5,0.76,336,,9,6,7,11,441,20,3
1035457,34,Newcastle,False,0,2,LOSS,0.53,3,2,0.36,15,5,,2,0.77,390,,6,2,2,1,506,7,3
1035458,45,Everton,True,2,0,WIN,0.24,4,4,1.26,6,7,,4,0.62,139,,14,6,6,2,223,16,0
1035458,40,Liverpool,False,0,2,LOSS,0.76,11,13,2.08,13,4,,1,0.89,627,,15,5,7,8,708,23,3
1035459,36,Fulham,True,3,0,WIN,0.43,6,4,2.76,9,5,,2,0.76,305,,15,3,7,1,400,16,2
1035459,47,Tottenham,False,0,3,LOSS,0.57,1,5,2.41,10,4,,4,0.84,459,,12,8,5,2,546,14,3
1035460,1359,Luton,True,1,1,DRAW,0.6,4,6,0.58,10,2,,1,0.81,357,,5,2,4,5,440,10,1
1035460,65,Nottingham Forest,False,1,1,DRAW,0.4,4,7,1.98,17,3,,2,0.72,214,,9,6,6,7,297,16,2
1035461,33,Manchester United,True,4,2,WIN,0.72,6,8,2.94,7,2,,3,0.9,654,,18,6,13,7,730,25,0
1035461,62,Sheffield Utd,False,2,4,LOSS,0.28,3,4,0.82,9,9,,2,0.74,217,,6,3,4,4,292,10,1
1035462,48,West Ham,True,1,1,DRAW,0.31,2,7,2.02,13,4,,4,0.77,204,,11,6,5,2,264,13,3
1035462,66,Aston Villa,False,1,1,DRAW,0.69,4,10,0.66,12,3,,2,0.88,562,,6,4,5,7,640,13,3
1035463,39,Wolves,True,0,1,LOSS,0.63,7,8,0.56,10,5,,2,0.81,435,0,6,4,4,9,535,15,4
1035463,35,Bournemouth,False,1,0,WIN,0.37,8,12,1.96,17,4,,1,0.74,224,1,13,7,6,8,304,21,1
1035464,35,Bournemouth,True,2,1,WIN,0.49,4,9,1.32,14,2,,0,0.72,260,,8,3,4,3,360,11,1
1035464,45,Everton,False,1,2,LOSS,0.51,1,8,1.01,11,3,,4,0.73,287,,4,3,3,3,391,7,2
1035465,66,Aston Villa,True,2,0,WIN,0.48,2,5,0.98,11,3,,1,0.88,359,,7,4,5,4,408,11,3
1035465,39,Wolves,False,0,2,LOSS,0.52,3,4,1.49,19,3,,2,0.87,384,,10,7,3,3,439,13,4
1035466,55,Brentford,True,1,1,DRAW,0.47,9,14,3.29,7,4,,1,0.7,263,,24,17,5,7,377,31,3
1035466,33,Manchester United,False,1,1,DRAW,0.53,2,4,0.59,14,4,,2,0.8,359,,3,4,5,8,450,11,2
1035467,49,Chelsea,True,2,2,DRAW,0.69,10,12,4.26,12,4,,3,0.9,570,0,22,10,13,11,630,33,2
1035467,44,Burnley,False,2,2,DRAW,0.31,5,4,1.64,7,11,,0,0.75,204,1,14,6,7,4,271,18,4
1035468,40,Liverpool,True,2,1,WIN,0.54,10,8,2.83,20,2,,5,0.89,521,,20,12,8,10,585,30,5
1035468,51,Brighton,False,1,2,LOSS,0.46,2,4,0.45,6,6,,3,0.86,414,,7,4,3,2,484,9,3
1035469,50,Manchester City,True,0,0,DRAW,0.73,4,7,1.02,9,2,,2,0.88,618,,9,7,1,3,700,12,0
1035469,42,Arsenal,False,0,0,DRAW,0.27,2,4,0.66,20,1,,1,0.71,191,,5,2,2,1,269,6,2
1035470,34,Newcastle,True,4,3,WIN,0.6,8,3,4.07,9,1,,1,0.82,425,1,18,7,9,6,518,24,3
1035470,48,West Ham,False,3,4,LOSS,0.4,2,4,1.42,8,5,,2,0.72,248,0,9,4,4,1,343,10,1
1035471,65,Nottingham Forest,True,1,1,DRAW,0.58,4,4,0.92,14,2,,4,0.84,461,,6,3,5,6,547,12,1
1035471,52,Crystal Palace,False,1,1,DRAW,0.42,1,6,1.19,12,4,,0,0.76,300,,6,6,3,4,397,10,1
1035472,62,Sheffield Utd,True,3,3,DRAW,0.26,2,2,1.89,10,6,,2,0.62,133,,6,2,4,2,215,8,4
1035472,36,Fulham,False,3,3,DRAW,0.74,8,15,1.30,13,1,,0,0.86,508,,17,7,9,7,592,24,1
1035473,47,Tottenham,True,2,1,WIN,0.7,6,3,2.99,16,2,,1,0.85,517,,14,7,4,3,610,17,2
1035473,1359,Luton,False,1,2,LOSS,0.3,3,6,0.52,14,2,,1,0.69,177,,4,1,3,3,255,7,4
1035474,35,Bournemouth,True,1,0,WIN,0.5,2,9,1.10,13,2,,0,0.79,349,,6,3,6,5,442,11,3
1035474,52,Crystal Palace,False,0,1,LOSS,0.5,0,2,0.19,14,5,,4,0.77,350,,3,1,2,0,457,3,2
1035475,42,Arsenal,True,2,0,WIN,0.58,8,3,0.82,12,1,,1,0.88,543,,9,1,4,4,614,13,1
1035475,1359,Luton,False,0,2,LOSS,0.42,1,1,0.34,8,4,,1,0.82,353,,3,3,1,2,430,5,1
1035476,55,Brentford,True,0,0,DRAW,0.33,1,1,0.57,9,6,,3,0.77,251,,4,2,2,1,326,5,1
1035476,51,Brighton,False,0,0,DRAW,0.67,7,5,1.14,12,2,,0,0.91,606,,13,11,6,11,663,24,1
1035477,44,Burnley,True,1,1,DRAW,0.51,3,7,1.34,10,1,,2,0.84,392,,8,4,6,5,468,13,0
1035477,39,Wolves,False,1,1,DRAW,0.49,2,4,0.90,12,5,,5,0.84,395,,7,4,2,1,468,8,2
1035478,65,Nottingham Forest,True,3,1,WIN,0.33,4,3,1.53,7,2,,2,0.78,252,,9,8,4,7,324,16,1
1035478,36,Fulham,False,1,3,LOSS,0.67,2,8,1.50,8,1,,0,0.88,551,,15,13,3,3,629,18,0
1035479,48,West Ham,True,1,1,DRAW,0.32,3,9,1.49,13,3,,3,0.79,238,,7,4,4,4,302,11,1
1035479,47,Tottenham,False,1,1,DRAW,0.68,4,5,0.96,9,3,,1,0.89,590,,10,5,4,3,662,13,4
1035480,49,Chelsea,True,4,3,WIN,0.57,9,12,3.02,7,2,,3,0.86,470,,19,9,10,9,549,28,3
1035480,33,Manchester United,False,3,4,LOSS,0.43,7,3,1.47,15,6,,0,0.8,341,,13,7,5,6,426,19,1
1035481,34,Newcastle,True,1,1,DRAW,0.58,8,7,2.44,9,2,,2,0.81,403,,13,4,6,5,495,18,0
1035481,45,Everton,False,1,1,DRAW,0.42,1,3,1.44,14,4,,0,0.75,272,,8,6,3,2,361,10,3
1035482,40,Liverpool,True,3,1,WIN,0.83,5,13,1.83,6,3,,0,0.91,708,,15,15,9,14,779,29,0
1035482,62,Sheffield Utd,False,1,3,LOSS,0.17,0,1,0.59,9,6,,1,0.49,80,,4,2,3,1,164,5,1
1035483,50,Manchester City,True,4,1,WIN,0.67,7,2,3.46,6,2,,1,0.92,647,,20,7,11,5,701,25,1
1035483,66,Aston Villa,False,1,4,LOSS,0.33,4,3,0.77,13,7,,1,0.86,291,,7,1,3,1,337,8,2
1035484,66,Aston Villa,True,3,3,DRAW,0.7,4,11,1.52,15,,,0,0.85,488,,9,4,3,2,571,11,2
1035484,55,Brentford,False,3,3,DRAW,0.3,1,3,1.56,11,,,4,0.68,168,,5,4,3,3,247,8,2
1035485,51,Brighton,True,0,3,LOSS,0.55,2,8,0.53,14,4,,2,0.88,464,,7,6,2,3,529,10,1
1035485,42,Arsenal,False,3,0,WIN,0.45,5,7,3.39,13,2,,2,0.83,363,,16,8,7,4,439,20,2
1035486,52,Crystal Palace,True,2,4,LOSS,0.25,1,2,1.08,13,4,,2,0.78,215,,5,2,4,2,274,7,1
1035486,50,Manchester City,False,4,2,WIN,0.75,4,9,1.91,3,2,,1,0.91,772,,13,6,8,5,845,18,1
1035487,45,Everton,True,1,0,WIN,0.37,3,3,0.94,11,1,,10,0.68,200,0,6,6,3,6,294,12,2
1035487,44,Burnley,False,0,1,LOSS,0.63,2,5,0.46,13,2,,1,0.78,407,1,5,3,1,1,523,6,1
1035488,36,Fulham,True,0,1,LOSS,0.67,4,14,1.26,10,4,,0,0.85,500,,9,6,4,5,588,14,1
1035488,34,Newcastle,False,1,0,WIN,0.33,2,3,0.97,13,4,,2,0.76,225,,9,5,5,3,296,12,2
1035489,1359,Luton,True,2,1,WIN,0.56,4,7,1.46,7,1,,,0.75,300,,13,6,9,6,401,19,
1035489,35,Bournemouth,False,1,2,LOSS,0.44,1,2,0.41,14,7,,,0.68,222,,5,6,1,3,327,8,
1035490,33,Manchester United,True,2,2,DRAW,0.38,2,6,0.70,9,6,,3,0.77,278,,7,2,5,2,362,9,5
1035490,40,Liverpool,False,2,2,DRAW,0.62,9,11,3.67,10,3,,2,0.85,486,,18,12,7,10,574,28,2
1035491,62,Sheffield Utd,True,2,2,DRAW,0.32,2,7,1.38,12,2,,,0.75,238,,8,3,6,3,316,11,4
1035491,49,Chelsea,False,2,2,DRAW,0.68,1,6,0.24,10,3,,,0.86,598,,2,2,3,4,697,6,2
1035492,47,Tottenham,True,3,1,WIN,0.64,5,12,1.55,11,5,,2,0.88,585,,8,5,7,9,668,17,2
1035492,65,Nottingham Forest,False,1,3,LOSS,0.36,0,2,1.55,12,5,,2,0.83,315,,6,7,6,7,379,13,4
1035493,39,Wolves,True,1,2,LOSS,0.58,2,4,1.47,15,2,,3,0.87,518,,4,5,7,10,595,14,5
1035493,48,West Ham,False,2,1,WIN,0.42,3,4,1.16,7,6,,0,0.84,349,,5,4,4,6,414,11,2
1035494,35,Bournemouth,True,2,2,DRAW,0.43,6,7,1.64,13,0,,1,0.75,287,,12,9,5,8,382,20,4
1035494,33,Manchester United,False,2,2,DRAW,0.57,2,2,1.26,14,3,,2,0.82,432,,5,4,2,3,528,8,0
1035495,42,Arsenal,True,0,2,LOSS,0.52,6,4,1.64,12,0,,5,0.87,390,,11,8,4,7,450,18,3
1035495,66,Aston Villa,False,2,0,WIN,0.48,5,6,0.94,7,4,,1,0.83,351,,6,4,2,5,425,11,1
1035496,55,Brentford,True,2,0,WIN,0.53,0,3,1.02,8,2,,3,0.76,299,,6,4,5,3,391,9,3
1035496,62,Sheffield Utd,False,0,2,LOSS,0.47,4,6,0.84,11,4,,2,0.7,242,,6,2,2,2,344,8,1
1035497,44,Burnley,True,1,1,DRAW,0.45,2,4,1.71,18,8,,1,0.81,365,,6,6,3,5,453,11,1
1035497,51,Brighton,False,1,1,DRAW,0.55,6,5,0.86,8,2,,4,0.86,488,,10,6,8,10,567,20,2
1035498,49,Chelsea,True,6,0,WIN,0.59,1,4,3.08,5,2,,0,0.88,535,,9,3,10,5,611,14,1
1035498,45,Everton,False,0,6,LOSS,0.41,2,8,1.48,21,4,,4,0.78,310,,8,6,2,2,399,10,4
1035499,40,Liverpool,True,0,1,LOSS,0.7,5,11,2.81,10,3,,2,0.84,608,,18,10,6,3,725,21,1
1035499,52,Crystal Palace,False,1,0,WIN,0.3,2,1,1.98,10,5,,5,0.69,223,,7,1,5,1,324,8,1
1035500,50,Manchester City,True,5,1,WIN,0.74,10,12,4.32,7,1,,0,0.92,704,,26,14,13,11,763,37,1
1035500,1359,Luton,False,1,5,LOSS,0.26,0,1,0.51,6,9,,1,0.78,214,,4,2,2,0,276,4,0
1035501,34,Newcastle,True,4,0,WIN,0.27,5,16,2.88,14,2,,1,0.65,123,,16,8,5,2,189,18,0
1035501,47,Tottenham,False,0,4,LOSS,0.73,5,3,0.77,12,1,,3,0.87,498,,6,4,2,5,575,11,4
1035502,65,Nottingham Forest,True,2,2,DRAW,0.46,3,10,1.92,15,1,,1,0.82,361,,13,6,9,5,438,18,2
1035502,39,Wolves,False,2,2,DRAW,0.54,3,1,1.09,10,7,,1,0.86,453,,8,4,4,3,525,11,3
1035503,48,West Ham,True,0,2,LOSS,0.58,2,8,0.93,6,8,,1,0.86,471,,11,9,4,4,549,15,1
1035503,36,Fulham,False,2,0,WIN,0.42,3,3,3.29,13,4,,0,0.8,331,,13,5,10,5,412,18,2
1035504,66,Aston Villa,True,3,1,WIN,0.56,4,8,2.51,8,4,,2,0.84,407,,10,6,5,5,482,15,1
1035504,35,Bournemouth,False,1,3,LOSS,0.44,3,4,1.77,14,2,,3,0.83,305,,10,5,6,4,368,14,3
1035505,51,Brighton,True,1,2,LOSS,0.55,3,4,1.27,13,4,,1,0.91,503,0,8,7,2,4,555,12,2
1035505,49,Chelsea,False,2,1,WIN,0.45,4,6,1.54,14,1,,1,0.91,430,1,7,4,6,7,474,14,2
1035506,52,Crystal Palace,True,5,2,WIN,0.61,2,4,2.36,9,0,,0,0.85,555,,13,9,7,5,650,18,3
1035506,48,West Ham,False,2,5,LOSS,0.39,1,0,1.27,9,3,,5,0.81,336,,3,2,1,1,417,4,2
1035507,45,Everton,True,2,0,WIN,0.4,1,6,0.34,15,3,,0,0.75,282,,3,2,4,4,375,7,4
1035507,65,Nottingham Forest,False,0,2,LOSS,0.6,3,4,0.95,9,2,,1,0.83,473,,7,2,3,1,573,8,2
1035508,36,Fulham,True,1,3,LOSS,0.4,2,1,0.80,5,4,,1,0.78,333,,8,5,5,4,426,12,3
1035508,40,Liverpool,False,3,1,WIN,0.6,3,4,1.00,11,4,,3,0.86,566,,7,4,7,7,656,14,0
1035509,1359,Luton,True,1,5,LOSS,0.53,2,4,0.59,13,4,,,0.76,298,,5,1,3,1,391,6,1
1035509,55,Brentford,False,5,1,WIN,0.47,2,9,3.14,10,2,,,0.75,260,,13,10,9,8,345,21,2
1035510,33,Manchester United,True,3,2,WIN,0.45,4,9,1.45,16,5,,1,0.78,286,,14,5,8,3,365,17,3
1035510,34,Newcastle,False,2,3,LOSS,0.55,5,9,2.37,7,5,,2,0.83,364,,16,8,8,5,439,21,3
1035511,62,Sheffield Utd,True,1,4,LOSS,0.49,3,11,2.43,10,5,,2,0.78,360,,14,4,11,4,461,18,1
1035511,44,Burnley,False,4,1,WIN,0.51,2,2,2.18,9,10,,1,0.83,416,,14,5,9,2,503,16,0
1035512,47,Tottenham,True,0,2,LOSS,0.53,2,7,1.66,14,3,,2,0.89,541,,8,3,5,2,611,10,3
1035512,50,Manchester City,False,2,0,WIN,0.47,1,4,2.40,11,6,,2,0.89,476,,6,2,5,2,533,8,3
1035513,39,Wolves,True,0,2,LOSS,0.46,0,1,0.14,14,7,,1,0.82,381,,2,2,3,3,465,5,3
1035513,42,Arsenal,False,2,0,WIN,0.54,9,2,1.26,9,3,,2,0.87,469,,14,6,9,10,537,24,2
1035514,35,Bournemouth,True,3,0,WIN,0.3,5,8,2.11,14,1,,1,0.74,185,,12,4,6,3,250,15,2
1035514,51,Brighton,False,0,3,LOSS,0.7,6,2,0.94,10,3,,1,0.89,539,,9,6,1,4,607,13,2
1035515,66,Aston Villa,True,2,2,DRAW,0.29,0,2,1.10,13,3,,2,0.77,207,,8,5,4,1,268,9,3
1035515,49,Chelsea,False,2,2,DRAW,0.71,6,4,1.57,14,3,,4,0.92,608,,8,10,5,13,664,21,5
1035516,45,Everton,True,1,0,WIN,0.48,8,6,0.86,10,4,,4,0.78,324,,10,9,1,8,416,18,1
1035516,55,Brentford,False,0,1,LOSS,0.52,4,6,0.88,12,0,,2,0.78,358,,6,2,4,4,458,10,2
1035517,36,Fulham,True,1,1,DRAW,0.54,1,5,1.14,11,3,,1,0.79,417,,7,6,2,2,530,9,0
1035517,52,Crystal Palace,False,1,1,DRAW,0.46,2,9,1.01,15,1,,1,0.81,363,,6,8,4,8,446,14,2
1035518,33,Manchester United,True,1,1,DRAW,0.48,9,6,2.71,8,6,,0,0.78,323,,16,8,10,11,414,27,1
1035518,44,Burnley,False,1,1,DRAW,0.52,4,5,2.06,11,9,,2,0.79,355,,10,5,7,6,452,16,3
1035519,34,Newcastle,True,5,1,WIN,0.6,9,4,3.11,9,3,,3,0.87,499,,14,4,7,6,575,20,
1035519,62,Sheffield Utd,False,1,5,LOSS,0.4,4,5,1.55,10,3,,0,0.81,318,,13,6,5,2,392,15,
1035520,65,Nottingham Forest,True,0,2,LOSS,0.33,3,4,1.93,8,3,,2,0.81,285,,9,9,2,5,350,14,
1035520,50,Manchester City,False,2,0,WIN,0.67,4,5,0.87,6,2,,1,0.91,665,,6,2,5,5,733,11,
1035521,47,Tottenham,True,2,3,LOSS,0.62,6,8,2.42,12,1,,3,0.9,505,,10,7,2,5,564,15,2
1035521,42,Arsenal,False,3,2,WIN,0.38,5,6,1.03,16,0,,4,0.81,280,,8,1,3,1,344,9,1
1035522,48,West Ham,True,2,2,DRAW,0.29,1,4,0.70,8,7,,1,0.69,183,,8,2,8,3,267,11,0
1035522,40,Liverpool,False,2,2,DRAW,0.71,6,8,1.75,10,6,,4,0.87,587,,23,14,8,5,675,28,2
1035523,39,Wolves,True,2,1,WIN,0.58,4,4,1.21,14,5,,2,0.87,535,,6,4,5,7,613,13,3
1035523,1359,Luton,False,1,2,LOSS,0.42,1,4,0.59,14,3,,0,0.84,362,,6,2,6,3,433,9,1
1035524,42,Arsenal,True,3,0,WIN,0.55,8,6,3.38,16,2,,5,0.84,384,,21,8,9,4,459,25,2
1035524,35,Bournemouth,False,0,3,LOSS,0.45,2,1,0.46,12,6,,0,0.82,301,,2,3,2,5,368,7,3
1035525,55,Brentford,True,0,0,DRAW,0.54,2,7,0.63,3,3,,1,0.81,405,,7,2,3,0,502,7,1
1035525,36,Fulham,False,0,0,DRAW,0.46,6,6,1.28,6,2,,0,0.75,320,,10,6,3,5,425,15,1
1035526,51,Brighton,True,1,0,WIN,0.53,4,7,2.53,13,1,,4,0.86,423,,11,3,8,4,490,15,2
1035526,66,Aston Villa,False,0,1,LOSS,0.47,0,3,0.05,10,7,,1,0.86,383,,1,1,1,1,443,2,1
1035527,44,Burnley,True,1,4,LOSS,0.47,5,4,1.04,8,7,,,0.77,328,,9,7,5,8,425,17,2
1035527,34,Newcastle,False,4,1,WIN,0.53,7,11,3.54,8,4,,,0.8,382,,15,5,11,8,478,23,2
1035528,49,Chelsea,True,5,0,WIN,0.69,7,8,4.22,12,2,,1,0.93,692,,19,4,14,6,741,25,1
1035528,48,West Ham,False,0,5,LOSS,0.31,3,6,0.88,10,9,,0,0.82,255,,8,8,2,5,312,13,3
1035529,52,Crystal Palace,True,4,0,WIN,0.43,5,6,1.75,12,2,,2,0.82,359,,14,3,10,4,440,18,1
1035529,33,Manchester United,False,0,4,LOSS,0.57,3,2,0.35,8,6,,1,0.85,515,,5,2,2,2,609,7,1
1035530,40,Liverpool,True,4,2,WIN,0.44,4,8,3.37,14,4,,7,0.83,359,,19,8,13,6,430,25,1
1035530,47,Tottenham,False,2,4,LOSS,0.56,2,3,1.24,12,8,,2,0.86,487,,5,3,6,6,567,11,4
1035531,1359,Luton,True,1,1,DRAW,0.5,5,7,0.81,14,3,,,0.82,336,,11,8,5,7,411,18,1
1035531,45,Everton,False,1,1,DRAW,0.5,4,7,1.42,12,4,,,0.8,335,,5,3,3,5,421,10,3
1035532,50,Manchester City,True,5,1,WIN,0.58,3,6,3.74,4,0,,2,0.91,558,,17,5,12,3,616,20,0
1035532,39,Wolves,False,1,5,LOSS,0.42,1,0,0.35,17,7,,2,0.85,384,,2,0,1,0,454,2,4
1035533,62,Sheffield Utd,True,1,3,LOSS,0.54,5,5,2.27,9,1,,0,0.79,407,1,13,7,5,4,512,17,2
1035533,65,Nottingham Forest,False,3,1,WIN,0.46,3,3,1.49,7,4,,1,0.78,337,0,9,8,4,6,430,15,1
1035534,35,Bournemouth,True,1,2,LOSS,0.48,2,3,0.67,16,2,,1,0.74,270,,8,7,4,5,367,13,2
1035534,55,Brentford,False,2,1,WIN,0.52,4,8,1.08,12,3,,0,0.76,294,,8,2,5,3,388,11,2
1035535,66,Aston Villa,True,3,3,DRAW,0.41,7,5,3.20,11,5,,2,0.85,337,,16,7,5,3,396,19,1
1035535,40,Liverpool,False,3,3,DRAW,0.59,3,4,1.74,15,2,,6,0.88,510,,9,4,7,5,577,14,1
1035536,45,Everton,True,1,0,WIN,0.58,3,3,2.35,6,1,,3,0.84,420,,9,6,6,6,500,15,1
1035536,62,Sheffield Utd,False,0,1,LOSS,0.42,6,6,0.60,11,6,,0,0.78,284,,7,6,1,6,362,13,2
1035537,36,Fulham,True,0,4,LOSS,0.36,0,1,0.12,9,5,,,0.84,352,1,1,0,1,0,420,1,3
1035537,50,Manchester City,False,4,0,WIN,0.64,3,7,3.25,6,1,,,0.92,707,0,12,4,9,4,769,16,0
1035538,33,Manchester United,True,0,1,LOSS,0.54,6,4,0.51,5,5,,2,0.86,442,,4,6,2,10,515,14,0
1035538,42,Arsenal,False,1,0,WIN,0.46,3,7,1.52,6,2,,0,0.83,359,,7,3,5,4,434,11,2
1035539,34,Newcastle,True,1,1,DRAW,0.56,6,8,2.22,9,3,,3,0.86,485,,12,5,7,6,567,18,3
1035539,51,Brighton,False,1,1,DRAW,0.44,7,4,1.37,16,7,,1,0.84,378,,10,4,4,5,452,15,4
1035540,65,Nottingham Forest,True,2,3,LOSS,0.32,5,5,1.56,14,2,,3,0.79,223,,13,11,4,7,284,20,2
1035540,49,Chelsea,False,3,2,WIN,0.68,3,6,1.59,8,2,,1,0.91,567,,10,4,5,2,623,12,3
1035541,47,Tottenham,True,2,1,WIN,0.63,6,9,2.72,10,2,,1,0.88,482,,16,6,9,5,547,21,3
1035541,44,Burnley,False,1,2,LOSS,0.37,2,3,0.67,14,7,,3,0.74,235,,6,2,3,1,318,7,5
1035542,48,West Ham,True,3,1,WIN,0.58,7,7,3.17,9,0,,2,0.83,382,,14,9,8,10,459,24,1
1035542,1359,Luton,False,1,3,LOSS,0.42,2,6,0.32,15,5,,0,0.78,248,,4,1,1,0,320,4,3
1035543,39,Wolves,True,1,3,LOSS,0.62,3,8,1.57,13,0,,3,0.83,451,0,11,3,8,3,545,14,3
1035543,52,Crystal Palace,False,3,1,WIN,0.38,4,3,2.70,12,7,,5,0.73,253,1,9,6,3,4,345,13,4
1035544,42,Arsenal,True,2,1,WIN,0.69,10,8,3.01,8,1,0,1,0.89,583,,21,11,5,5,653,26,4
1035544,45,Everton,False,1,2,LOSS,0.31,1,1,0.61,11,4,0,4,0.72,215,,3,2,2,2,300,5,3
1035545,55,Brentford,True,2,4,LOSS,0.54,1,3,1.13,15,3,0,2,0.84,395,,7,4,5,3,471,10,4
1035545,34,Newcastle,False,4,2,WIN,0.46,2,0,3.43,11,3,0,1,0.8,328,,8,3,7,4,412,12,4
1035546,51,Brighton,True,0,2,LOSS,0.55,9,7,1.88,10,2,0,0,0.9,495,,13,5,3,4,548,17,1
1035546,33,Manchester United,False,2,0,WIN,0.45,5,5,1.29,9,2,0,1,0.86,399,,8,2,4,3,462,11,3
1035547,44,Burnley,True,1,2,LOSS,0.73,7,4,1.21,11,4,0,0,0.9,591,,10,10,3,10,658,20,1
1035547,65,Nottingham Forest,False,2,1,WIN,0.27,2,3,1.78,5,3,0,2,0.72,176,,8,4,6,4,246,12,0
1035548,49,Chelsea,True,2,1,WIN,0.61,6,6,1.14,5,5,0,0,0.86,457,,11,4,6,5,533,16,2
1035548,35,Bournemouth,False,1,2,LOSS,0.39,4,5,2.22,9,4,0,1,0.82,261,,14,13,5,8,320,22,3
1035549,52,Crystal Palace,True,5,0,WIN,0.54,3,2,2.54,10,2,-1,3,0.9,495,,10,3,9,5,552,15,1
1035549,66,Aston Villa,False,0,5,LOSS,0.46,0,4,1.02,8,4,-1,1,0.87,401,,7,6,2,1,463,8,4
1035550,40,Liverpool,True,2,0,WIN,0.67,10,10,4.74,14,2,3,3,0.91,568,0,27,12,14,9,621,36,1
1035550,39,Wolves,False,0,2,LOSS,0.33,1,2,0.50,10,11,3,2,0.76,231,1,3,0,3,1,303,4,1
1035551,1359,Luton,True,2,4,LOSS,0.4,5,4,2.10,15,4,0,8,0.81,246,,9,4,6,6,304,15,5
1035551,36,Fulham,False,4,2,WIN,0.6,2,4,1.09,20,4,0,1,0.85,391,,8,6,8,8,460,16,4
1035552,50,Manchester City,True,3,1,WIN,0.71,7,11,2.04,3,1,-1,3,0.93,730,,17,9,12,11,782,28,0
1035552,48,West Ham,False,1,3,LOSS,0.29,0,2,0.36,12,9,-1,0,0.8,246,,3,1,2,0,307,3,1
1035553,62,Sheffield Utd,True,0,3,LOSS,0.24,2,2,0.98,11,6,0,6,0.73,159,,3,3,1,3,218,6,2
1035553,47,Tottenham,False,3,0,WIN,0.76,6,6,3.16,9,1,0,0,0.91,632,,14,3,9,4,697,18,0
